"299582";"9158204"
"299582";"9333178"
"426929";"9536056"
"495929";"9422200"
"595005";"9372448"
"864406";"9490674"
"1160293";"9167891"
"1160293";"9376657"
"1369472";"9496920"
"1369472";"9497075"
"1369472";"9497093"
"1369472";"9497120"
"1369472";"9497143"
"1369472";"9497170"
"1369472";"9497188"
"1369472";"9497215"
"1369472";"9497241"
"1369472";"9497275"
"1369472";"9497333"
"1369472";"9497439"
"1369472";"9497523"
"1369472";"9497558"
"1369472";"9497604"
"1369472";"9497623"
"1369472";"9497712"
"1369472";"9497778"
"1369472";"9497808"
"1369472";"9497844"
"1369472";"9497865"
"1369472";"9497878"
"1369472";"9497916"
"1369472";"9497933"
"1369472";"9497944"
"1369472";"9498198"
"1369472";"9498234"
"1369472";"9498257"
"1369472";"9498271"
"1369472";"9498294"
"1369472";"9498333"
"1369472";"9498359"
"1369472";"9498371"
"1369472";"9498402"
"1369472";"9498411"
"1369472";"9498431"
"1369472";"9498446"
"1369472";"9498463"
"1369472";"9498480"
"1369472";"9498525"
"1369472";"9498798"
"1369472";"9498837"
"1369472";"9498862"
"1369472";"9498889"
"1369472";"9498936"
"1369472";"9498954"
"1369472";"9498988"
"1369472";"9499018"
"1369472";"9499094"
"1369472";"9499127"
"1369472";"9499163"
"1369472";"9499196"
"1369472";"9499219"
"1369472";"9499258"
"1369472";"9499297"
"1369472";"9499353"
"1369472";"9499390"
"1369472";"9499412"
"1369472";"9499430"
"1369472";"9500858"
"1369472";"9500885"
"1369472";"9500906"
"1369472";"9500927"
"1369472";"9500941"
"1369472";"9500956"
"1369472";"9500973"
"1369472";"9500989"
"1369472";"9501012"
"1369472";"9501037"
"1369472";"9501081"
"1369472";"9501117"
"1369472";"9501139"
"1369472";"9501186"
"1369472";"9501224"
"1369472";"9501243"
"1369472";"9501269"
"1369472";"9501297"
"1369472";"9501327"
"1369472";"9501345"
"1369472";"9501386"
"1369472";"9501408"
"1369472";"9501446"
"1369472";"9501477"
"1369472";"9501496"
"1369472";"9501537"
"1369472";"9501664"
"1369472";"9501673"
"1369472";"9501700"
"1369472";"9501715"
"1369472";"9501728"
"1369472";"9501755"
"1369472";"9501777"
"1369472";"9501803"
"1369472";"9501842"
"1369472";"9501874"
"1369472";"9501894"
"1369472";"9501907"
"1369472";"9501927"
"1369472";"9501950"
"1369472";"9501978"
"1369472";"9503332"
"1369472";"9503365"
"1369472";"9503412"
"1369472";"9503445"
"1369472";"9503478"
"1369472";"9503564"
"1369472";"9503621"
"1369472";"9503664"
"1369472";"9503734"
"1369472";"9503786"
"1369472";"9503867"
"1369472";"9503934"
"1369472";"9503975"
"1369472";"9504028"
"1369472";"9504047"
"1369472";"9504070"
"1369472";"9504129"
"1369472";"9504151"
"1369472";"9504169"
"1369472";"9504192"
"1388526";"9411055"
"1388526";"9501852"
"1388526";"9504295"
"1415853";"9413292"
"1415853";"9508376"
"1510187";"9221795"
"1510187";"9221858"
"1510187";"9426852"
"1625449";"9225427"
"1625449";"9428109"
"1669804";"9462191"
"1678787";"9174687"
"1678787";"9322950"
"1678787";"9425080"
"1678787";"9520323"
"1678787";"9537073"
"1824001";"9506572"
"2035152";"9214635"
"2035152";"9214646"
"2035152";"9214659"
"2035152";"9214696"
"2035152";"9214710"
"2073757";"9162135"
"2088808";"9464341"
"2088808";"9464373"
"2107313";"9389295"
"2107313";"9389334"
"2107313";"9389680"
"2107313";"9389696"
"2107313";"9389710"
"2114512";"9349495"
"2114512";"9408332"
"2168990";"9135432"
"2168990";"9426116"
"2291382";"9142062"
"2291382";"9142085"
"2303238";"9490539"
"2309647";"9463063"
"2345760";"9219789"
"2345760";"9408028"
"2363433";"9443856"
"2363433";"9500602"
"2461708";"9536646"
"2461708";"9536666"
"2551644";"9454763"
"2587417";"9157907"
"2615808";"9214530"
"2615808";"9214546"
"2702004";"8961661"
"2717508";"9335334"
"2717508";"9335358"
"2717508";"9335464"
"2717508";"9335532"
"2747054";"9382139"
"2747054";"9382535"
"2747054";"9382594"
"2747054";"9382631"
"2940639";"8930646"
"2940639";"8932044"
"2940639";"9023542"
"2940639";"9023952"
"2940639";"9024062"
"2940639";"9329103"
"2940639";"9329131"
"2940639";"9329141"
"2940639";"9329196"
"2940639";"9332574"
"2940639";"9332603"
"2940639";"9334397"
"2940639";"9334546"
"2940639";"9334889"
"2940639";"9334963"
"2940639";"9335019"
"2940639";"9335053"
"2940639";"9335115"
"2940639";"9335171"
"2940639";"9335273"
"2940639";"9335524"
"2940639";"9335586"
"2940639";"9335622"
"2940639";"9335772"
"2940639";"9335823"
"2940639";"9335882"
"2940639";"9348418"
"2940639";"9348640"
"2940639";"9348712"
"2940639";"9348769"
"2940639";"9348858"
"2940639";"9452025"
"2940639";"9452082"
"2940639";"9452110"
"2940639";"9452128"
"2940639";"9452142"
"2963516";"9157245"
"3012063";"9452271"
"3012063";"9452323"
"3012063";"9452392"
"3099678";"9439563"
"3171901";"9491100"
"3254144";"9450405"
"3254144";"9450478"
"3254144";"9450514"
"3275224";"9174243"
"3275224";"9174265"
"3275224";"9174287"
"3275224";"9517530"
"3288638";"9453151"
"3288638";"9453172"
"3776006";"9371653"
"3866083";"9154769"
"3866083";"9154779"
"3866083";"9154785"
"3866083";"9154797"
"3866083";"9154812"
"3895447";"9498127"
"3895447";"9498146"
"3895447";"9498162"
"3923200";"9534287"
"4004317";"9399856"
"4004317";"9399885"
"4032535";"9374514"
"4077322";"9345723"
"4134253";"9367920"
"4145509";"9444926"
"4336579";"9532875"
"4351135";"9537964"
"4448317";"9386678"
"4461978";"9508405"
"4664333";"9439238"
"4889422";"9489281"
"4939602";"9494359"
"5021863";"9368841"
"5066155";"9171061"
"5066155";"9399185"
"5066155";"9425310"
"5066155";"9465433"
"5066155";"9513506"
"5083879";"9524084"
"5099229";"9429073"
"5120529";"9425919"
"5216342";"9514926"
"5234725";"9407635"
"5234725";"9419472"
"5240407";"9372500"
"5240407";"9411024"
"5247501";"9397889"
"5247501";"9398435"
"5251013";"9494192"
"5299322";"9383139"
"5299322";"9454637"
"5299621";"9493855"
"5467505";"9226731"
"5470853";"9404593"
"5470853";"9405118"
"5514740";"9405516"
"5514740";"9405529"
"5527982";"9462657"
"5572484";"9529497"
"5589062";"9403199"
"5594970";"9060046"
"5607625";"9408229"
"5607625";"9534635"
"5614870";"9122412"
"5788289";"9494041"
"5788289";"9494071"
"5879537";"9388643"
"5879537";"9388874"
"5894267";"9519147"
"5894267";"9519317"
"5894267";"9520710"
"5908880";"9502548"
"5908880";"9502578"
"5925169";"9440236"
"5938656";"9384095"
"5941757";"9325599"
"5966081";"9156632"
"5966081";"9156707"
"5966081";"9363961"
"5966081";"9385395"
"5966081";"9385410"
"5966081";"9490234"
"5966081";"9490392"
"6042956";"9458407"
"6042956";"9458429"
"6071868";"9374668"
"6093697";"9502253"
"6248134";"9514015"
"6250551";"9048051"
"6250551";"9048074"
"6250551";"9048119"
"6250551";"9116313"
"6250551";"9352898"
"6250551";"9413604"
"6283160";"9480584"
"6353924";"9512727"
"6399535";"9013513"
"6412835";"9419465"
"6412835";"9437499"
"6412835";"9438479"
"6412835";"9441114"
"6412835";"9461156"
"6412835";"9501990"
"6412835";"9506442"
"6412835";"9509937"
"6412835";"9510026"
"6412835";"9525358"
"6412835";"9526170"
"6511224";"9387817"
"6537914";"9219487"
"6546357";"9404823"
"6546357";"9418062"
"6546357";"9418328"
"6593620";"9501866"
"6636730";"9462003"
"6653281";"9407921"
"6682462";"9330690"
"6719483";"9220805"
"6734328";"9430606"
"6736533";"9104282"
"6736533";"9106866"
"6736533";"9430358"
"6736533";"9448122"
"6736533";"9450308"
"6736533";"9508492"
"6736533";"9512358"
"6736533";"9515577"
"6794911";"9423531"
"6816597";"9509996"
"6816597";"9510046"
"6816597";"9510333"
"6886599";"9380266"
"6939707";"9159680"
"6939707";"9161491"
"6939707";"9161622"
"6939707";"9161681"
"6939707";"9161693"
"6939707";"9165757"
"6940274";"9402341"
"6973617";"9411949"
"6973617";"9417814"
"7080646";"9064650"
"7080646";"9323584"
"7093987";"9513683"
"7105113";"9536036"
"7215551";"9443980"
"7215551";"9444012"
"7215551";"9444043"
"7215551";"9444116"
"7215551";"9444187"
"7215551";"9444210"
"7215551";"9444251"
"7215551";"9444274"
"7215551";"9444337"
"7215551";"9444370"
"7215551";"9445225"
"7215551";"9445288"
"7215551";"9445358"
"7215551";"9445397"
"7215551";"9445431"
"7231964";"9336169"
"7368341";"9447088"
"7368341";"9447137"
"7368341";"9447178"
"7392685";"9422055"
"7406644";"9163686"
"7462734";"9438533"
"7462734";"9462584"
"7462734";"9512903"
"7552344";"9226689"
"7552344";"9429459"
"7608129";"9537980"
"7694291";"9395816"
"7694291";"9450938"
"7759586";"9220525"
"7759586";"9336945"
"7768302";"9388930"
"7789923";"9391327"
"7789923";"9417444"
"7831340";"9352595"
"7848507";"9339589"
"7848507";"9492468"
"7900012";"9159174"
"7900012";"9490885"
"7963216";"9438996"
"7963216";"9438998"
"7963216";"9490988"
"7989615";"9403501"
"7989615";"9507618"
"7998172";"9340753"
"7998172";"9340803"
"8013895";"9167799"
"8085163";"9119159"
"8085163";"9324176"
"8085163";"9388609"
"8085163";"9417043"
"8085163";"9513400"
"8123509";"9406283"
"8123688";"9461693"
"8126618";"9169390"
"8126618";"9389057"
"8130147";"9411428"
"8146768";"9462932"
"8146768";"9462960"
"8146768";"9463935"
"8146768";"9464011"
"8146768";"9464072"
"8146768";"9464127"
"8146768";"9464154"
"8146768";"9464200"
"8146768";"9464228"
"8146768";"9464256"
"8146768";"9464312"
"8146768";"9464332"
"8146768";"9464357"
"8146768";"9464376"
"8146768";"9464398"
"8146768";"9464415"
"8146768";"9464427"
"8171184";"9525936"
"8175446";"9482884"
"8223441";"9428211"
"8223441";"9525338"
"8235202";"8995798"
"8235202";"9388901"
"8235202";"9421495"
"8235202";"9433019"
"8235202";"9458975"
"8235202";"9463862"
"8235202";"9509325"
"8235202";"9525029"
"8241973";"9517247"
"8246473";"9369478"
"8265589";"9374449"
"8266064";"9520876"
"8267547";"9525379"
"8267547";"9525394"
"8267547";"9525405"
"8301805";"9460142"
"8305701";"9432398"
"8305701";"9432441"
"8341932";"9526604"
"8341932";"9533681"
"8431583";"9403633"
"8488388";"9384285"
"8488388";"9384288"
"8488388";"9384294"
"8488388";"9396863"
"8507864";"9462864"
"8507864";"9521058"
"8528383";"9363827"
"8528383";"9396929"
"8528383";"9524858"
"8531681";"9407291"
"8541730";"9520001"
"8544014";"9426014"
"8590841";"9013700"
"8590841";"9013722"
"8590841";"9334604"
"8590841";"9334678"
"8590841";"9334693"
"8612673";"9492830"
"8639590";"9430531"
"8687866";"9456907"
"8691175";"9451625"
"8782659";"9058062"
"8849430";"9117515"
"8873219";"9364986"
"8873322";"9075049"
"8873322";"9125553"
"8873322";"9158642"
"8873322";"9383861"
"8873322";"9383944"
"8873322";"9441055"
"8873322";"9443049"
"8873322";"9491706"
"8873322";"9503601"
"8969122";"9479896"
"8969122";"9480010"
"8969122";"9480119"
"8969122";"9480243"
"8969122";"9480414"
"8969122";"9480547"
"9024556";"9432005"
"9033466";"8983205"
"9098738";"9518527"
"9112033";"9405443"
"9112033";"9505715"
"9183570";"9451972"
"9211873";"9370765"
"9341318";"9417074"
"9341318";"9418385"
"9341318";"9507485"
"9403803";"9419327"
"9403803";"9523084"
"9419691";"9055664"
"9439815";"9331449"
"9439815";"9489989"
"9490227";"9441221"
"9490227";"9532191"
"9512694";"9127260"
"9512694";"9514711"
"9512694";"9531033"
"9563529";"9318648"
"9563529";"9318661"
"9585979";"9505907"
"9599445";"9367098"
"9684104";"9048397"
"9684104";"9348741"
"9699189";"9171007"
"9699189";"9171496"
"9715680";"9216436"
"9715680";"9456708"
"9715680";"9489501"
"9716332";"9171070"
"9716332";"9171090"
"9735082";"9324926"
"9735082";"9324948"
"9735082";"9324969"
"9758741";"9100885"
"9850553";"9478400"
"9850553";"9478481"
"9850553";"9478536"
"9850553";"9478620"
"9850708";"9385039"
"9850708";"9389784"
"9886580";"9327108"
"9886580";"9498334"
"9886580";"9501936"
"9886580";"9528348"
"9934379";"9403461"
"9948227";"9028023"
"9949466";"9515280"
"9963192";"9450202"
"9966241";"9420354"
"9966241";"9464069"
"9966241";"9530196"
"10008717";"9377604"
"10008717";"9377676"
"10014686";"9452388"
"10029307";"9401276"
"10029307";"9401295"
"10108059";"9421499"
"10108059";"9421554"
"10122474";"9507207"
"10129617";"9525391"
"10191223";"9419121"
"10191223";"9419177"
"10282131";"9345623"
"10307943";"9166863"
"10307943";"9383874"
"10307943";"9436730"
"10307943";"9461152"
"10307943";"9461255"
"10308810";"9409220"
"10308810";"9423432"
"10308810";"9442993"
"10308810";"9469951"
"10308810";"9469964"
"10308810";"9534650"
"10343850";"9463731"
"10351451";"9465323"
"10377817";"9462813"
"10387991";"9498289"
"10387991";"9530369"
"10387991";"9530451"
"10388203";"9218656"
"10397472";"9428331"
"10397472";"9428366"
"10397472";"9428415"
"10397472";"9428449"
"10411675";"9414126"
"10411675";"9414143"
"10442074";"9507932"
"10444020";"9167326"
"10444020";"9402931"
"10444020";"9402964"
"10503411";"9489335"
"10528838";"9470138"
"10537831";"9351890"
"10554720";"9123767"
"10554720";"9369531"
"10554720";"9495592"
"10587084";"9219879"
"10587084";"9368474"
"10587084";"9385643"
"10590919";"9508185"
"10598018";"9526706"
"10598018";"9526743"
"10598018";"9526811"
"10630828";"9447732"
"10641452";"9435510"
"10649072";"9446140"
"11802298";"9368360"
"11804224";"9161589"
"11804224";"9330660"
"11804224";"9330664"
"11804224";"9387891"
"11804224";"9387995"
"11804224";"9389095"
"11804224";"9389113"
"11804224";"9389373"
"11804224";"9389416"
"11804224";"9424400"
"11804224";"9425757"
"11804224";"9425791"
"11804224";"9425835"
"11804224";"9425879"
"11804224";"9425897"
"11804224";"9425926"
"11804224";"9425956"
"11804224";"9425977"
"11804224";"9426024"
"11804224";"9426143"
"11804224";"9426163"
"11804224";"9426182"
"11804224";"9426213"
"11804224";"9426310"
"11804224";"9426419"
"11804224";"9426455"
"11804224";"9426494"
"11804224";"9426519"
"11804224";"9426737"
"11804224";"9426759"
"11804224";"9426822"
"11804224";"9426845"
"11804224";"9426873"
"11804224";"9426906"
"11804224";"9427007"
"11804224";"9427029"
"11804224";"9427048"
"11804224";"9427087"
"11804224";"9427421"
"11804224";"9427513"
"11804224";"9427527"
"11804224";"9427555"
"11804224";"9427578"
"11804224";"9427595"
"11804224";"9427672"
"11804224";"9427935"
"11804224";"9427951"
"11804224";"9427975"
"11804224";"9428324"
"11804224";"9428375"
"11804224";"9428395"
"11804224";"9428411"
"11804224";"9428447"
"11804224";"9428472"
"11804224";"9428502"
"11804224";"9428683"
"11804224";"9428719"
"11804224";"9428773"
"11804224";"9428865"
"11804224";"9428916"
"11804224";"9428957"
"11804224";"9429924"
"11804224";"9429977"
"11804224";"9429999"
"11804224";"9430035"
"11804224";"9430087"
"11804224";"9430114"
"11804224";"9430157"
"11804224";"9430216"
"11804224";"9430244"
"11804224";"9430331"
"11804224";"9430390"
"11804224";"9430419"
"11804224";"9430441"
"11804224";"9430456"
"11804224";"9430487"
"11804224";"9430507"
"11804224";"9512553"
"11804224";"9512602"
"11804224";"9512613"
"11804224";"9512629"
"11804224";"9512643"
"11804224";"9512659"
"11804224";"9512679"
"11804224";"9512689"
"11804224";"9512708"
"11804224";"9512724"
"11804224";"9512783"
"11804224";"9512824"
"11804224";"9512861"
"11804224";"9512893"
"11804224";"9512921"
"11804224";"9512936"
"11804224";"9512964"
"11804224";"9512982"
"11804224";"9513003"
"11804224";"9513083"
"11804224";"9513105"
"11804224";"9513119"
"11804224";"9513150"
"11804224";"9513162"
"11804224";"9513182"
"11804224";"9513200"
"11804224";"9513212"
"11804224";"9513235"
"11804224";"9513274"
"11804224";"9513375"
"11804224";"9513392"
"11804224";"9513412"
"11804224";"9513437"
"11804224";"9513458"
"11804224";"9513531"
"11804224";"9513563"
"11804224";"9513579"
"11804224";"9513604"
"11804224";"9513648"
"11804224";"9513682"
"11829154";"9525795"
"11829154";"9525905"
"11829154";"9526021"
"11901908";"9416386"
"11901908";"9416411"
"11901908";"9416438"
"11908113";"9415305"
"11931209";"9380225"
"11933715";"9452355"
"11956989";"9492487"
"11967630";"9402443"
"11986559";"9074453"
"11986559";"9322773"
"11995064";"9520709"
"12006191";"9417271"
"12006191";"9417329"
"12006191";"9417833"
"12037547";"9416239"
"12037547";"9420217"
"12042196";"9466167"
"12042196";"9530012"
"12048473";"9429792"
"12058684";"9438404"
"12058684";"9438422"
"12059500";"9441678"
"12069522";"9526165"
"12069522";"9526200"
"12069522";"9526218"
"12069522";"9526264"
"12080027";"9407907"
"12080697";"9493041"
"12080697";"9493066"
"12084721";"9347755"
"12088734";"9137736"
"12088734";"9323648"
"12088734";"9323707"
"12088734";"9367079"
"12088734";"9423817"
"12088734";"9423825"
"12088734";"9514631"
"12104732";"9466821"
"12114016";"9509586"
"12134265";"9168977"
"12134265";"9169076"
"12134265";"9169106"
"12134265";"9169124"
"12134292";"9173073"
"12134292";"9173090"
"12134292";"9173108"
"12134292";"9173139"
"12134292";"9228190"
"12134292";"9319068"
"12134292";"9450954"
"12134292";"9508286"
"12134292";"9519165"
"12134292";"9520394"
"12134292";"9520628"
"12134292";"9522142"
"12155521";"9517039"
"12155521";"9522807"
"12164522";"9431032"
"12164522";"9431061"
"12171896";"9134397"
"12175250";"9150961"
"12178145";"9343504"
"12178484";"8972873"
"12178484";"9451030"
"12178484";"9457087"
"12191467";"9441853"
"12191467";"9444243"
"12198646";"9470352"
"12210685";"9426856"
"12223314";"8792969"
"12227042";"9027053"
"12227042";"9319205"
"12227042";"9319281"
"12227042";"9319341"
"12227042";"9321388"
"12227042";"9322990"
"12227042";"9340778"
"12227042";"9454827"
"12227042";"9454829"
"12248087";"9226260"
"12248087";"9226350"
"12248087";"9348345"
"12248087";"9377285"
"12248087";"9443712"
"12270177";"9374970"
"12277211";"9392371"
"12364776";"9500872"
"12364776";"9521040"
"12365102";"9162299"
"12365102";"9162316"
"12365102";"9162330"
"12365102";"9162347"
"12365102";"9162370"
"12365102";"9162412"
"12365102";"9162430"
"12369365";"9227740"
"12385287";"9348362"
"12385601";"9425251"
"12425341";"9175157"
"12425341";"9432525"
"12425341";"9510904"
"12425341";"9527440"
"12432881";"9427907"
"12459531";"9115700"
"12459531";"9115731"
"12459531";"9124070"
"12459531";"9124091"
"12459531";"9124105"
"12459531";"9124115"
"12459531";"9440986"
"12459531";"9441056"
"12459531";"9441065"
"12460514";"9395322"
"12460514";"9422293"
"12460514";"9424767"
"12461630";"9426729"
"12461630";"9426745"
"12461630";"9426761"
"12461630";"9430110"
"12461630";"9470183"
"12461630";"9477459"
"12461630";"9477491"
"12467970";"9499765"
"12481537";"9446023"
"12489827";"9410356"
"12538612";"9507446"
"12564498";"8971599"
"12564498";"9401528"
"12584004";"9220206"
"12584004";"9220282"
"12584861";"9016998"
"12584861";"9110764"
"12584861";"9118459"
"12584861";"9441928"
"12584861";"9441937"
"12584861";"9441946"
"12584861";"9441980"
"12584861";"9442019"
"12584861";"9442031"
"12584861";"9442044"
"12584861";"9442059"
"12584861";"9442069"
"12584861";"9442090"
"12584861";"9442112"
"12584861";"9442135"
"12584861";"9442159"
"12584861";"9442182"
"12584861";"9442212"
"12584861";"9442229"
"12584861";"9442238"
"12584861";"9442260"
"12584861";"9442298"
"12584861";"9442332"
"12584861";"9442355"
"12584861";"9442389"
"12584861";"9442409"
"12584861";"9442455"
"12584861";"9442498"
"12584861";"9442556"
"12584861";"9442633"
"12584861";"9442683"
"12584861";"9442715"
"12584861";"9442772"
"12584861";"9442801"
"12584861";"9442826"
"12584861";"9442850"
"12584861";"9442875"
"12584861";"9442897"
"12584861";"9442916"
"12584861";"9442954"
"12584861";"9442973"
"12584861";"9443326"
"12584861";"9443348"
"12584861";"9443374"
"12584861";"9443391"
"12584861";"9443414"
"12584861";"9443432"
"12584861";"9443452"
"12584861";"9443468"
"12584861";"9443488"
"12584861";"9443525"
"12584861";"9443553"
"12584861";"9443584"
"12584861";"9443615"
"12584861";"9476680"
"12588699";"9169224"
"12604936";"9473951"
"12611707";"9347042"
"12630190";"9435986"
"12630190";"9444978"
"12630190";"9515537"
"12630190";"9515597"
"12646514";"9167243"
"12646514";"9415061"
"12646514";"9415070"
"12646514";"9415093"
"12646514";"9443114"
"12646514";"9500702"
"12650759";"9105034"
"12650759";"9105060"
"12650759";"9105075"
"12650759";"9105146"
"12650759";"9105161"
"12650759";"9105186"
"12650836";"9414411"
"12651614";"9328721"
"12651614";"9465814"
"12659041";"9462329"
"12659454";"9377648"
"12673126";"9509716"
"12674375";"9367249"
"12674375";"9460155"
"12684231";"9166434"
"12684231";"9166445"
"12684990";"9478291"
"12695725";"9431554"
"12720615";"9407441"
"12729114";"9154793"
"12734733";"9161669"
"12734733";"9161698"
"12762456";"9403875"
"12762456";"9403896"
"12762456";"9454468"
"12763518";"9415531"
"12763518";"9429986"
"12774387";"9089375"
"12774387";"9432479"
"12775888";"9502365"
"12786921";"9420491"
"12791359";"9444023"
"12791359";"9444543"
"12791359";"9444937"
"12797278";"9536686"
"12797278";"9536702"
"12797278";"9536733"
"12797278";"9537494"
"12802339";"9461166"
"12802505";"9160271"
"12802505";"9406282"
"12802505";"9533948"
"12863482";"9447285"
"12866866";"9458551"
"12871727";"9467662"
"12871727";"9468038"
"12885554";"9071561"
"12885554";"9517701"
"12895082";"9411008"
"12895082";"9411028"
"12895082";"9414057"
"12895082";"9414171"
"12897458";"9415810"
"12900654";"9329526"
"12908055";"9508448"
"12931038";"9330480"
"12931038";"9337521"
"12931038";"9347942"
"12931038";"9347969"
"12931038";"9347979"
"12938452";"9371508"
"12945301";"9393318"
"12945301";"9393357"
"12962441";"9142434"
"12962441";"9142446"
"12962441";"9502669"
"12962441";"9502768"
"12962441";"9502783"
"12973683";"9215420"
"13005830";"9380784"
"13008569";"9462666"
"13012030";"9407584"
"13013804";"9464125"
"13013804";"9489284"
"13013804";"9489288"
"13013804";"9496694"
"13013804";"9509962"
"13013804";"9537580"
"13046296";"9382979"
"13046296";"9386154"
"13046296";"9421648"
"13077006";"9393909"
"13079608";"9414996"
"13086219";"9346524"
"13097653";"9461090"
"13110956";"9412009"
"13114482";"9437502"
"13157445";"9514071"
"13159359";"9392625"
"13169120";"9517897"
"13172929";"9465664"
"13195924";"9534408"
"13199121";"9214705"
"13210871";"9167874"
"13210871";"9327712"
"13210871";"9327713"
"13210871";"9327714"
"13210871";"9351532"
"13219456";"9155348"
"13219456";"9155363"
"13257865";"9395870"
"13282841";"9225727"
"13282841";"9225747"
"13282841";"9225769"
"13282841";"9225792"
"13282841";"9225818"
"13282841";"9225867"
"13292034";"9102100"
"13294714";"9523198"
"13294714";"9523218"
"13295791";"9460989"
"13295791";"9510805"
"13295791";"9514620"
"13300099";"9086432"
"13300099";"9364016"
"13300099";"9364031"
"13300099";"9391037"
"13300099";"9414966"
"13300099";"9425754"
"13300099";"9495378"
"13300099";"9506218"
"13300099";"9525778"
"13319763";"9371281"
"13328696";"9218447"
"13328696";"9218471"
"13344096";"9415182"
"13353276";"9475369"
"13379660";"9154381"
"13379660";"9383306"
"13413396";"9524834"
"13421272";"9399460"
"13421272";"9399522"
"13422202";"9349468"
"13422202";"9446820"
"13422202";"9448379"
"13422202";"9518005"
"13437114";"9227990"
"13437114";"9228016"
"13437114";"9228033"
"13458379";"9377521"
"13458379";"9377573"
"13458379";"9377720"
"13474363";"9162689"
"13507862";"9516874"
"13519654";"9406510"
"13531931";"9419384"
"13543466";"9502159"
"13543466";"9502194"
"13543466";"9502219"
"13562098";"9493854"
"13584817";"9524158"
"13586291";"9155202"
"13590301";"9465430"
"13590301";"9466031"
"13602212";"9517744"
"13609249";"9380702"
"13613921";"9344985"
"13626822";"9447583"
"13661126";"9513037"
"13689540";"9504319"
"13689540";"9504330"
"13689540";"9504338"
"13689540";"9504345"
"13699524";"9389633"
"13699524";"9426872"
"13789478";"9394718"
"13793151";"9536323"
"13810553";"9523961"
"13825358";"9371873"
"13825358";"9372051"
"13825358";"9372118"
"13825509";"9318530"
"13828267";"9438667"
"13862266";"9495360"
"13906137";"9464473"
"13953767";"9411287"
"13972372";"9352442"
"13972372";"9352466"
"13972372";"9471492"
"13972372";"9471508"
"13972372";"9471513"
"13972372";"9471521"
"13972372";"9471533"
"13972533";"9450012"
"13974262";"9527321"
"13985983";"9462422"
"13987380";"9413593"
"13989002";"9473418"
"13998342";"9439718"
"13998416";"9398551"
"13998459";"9172107"
"13998459";"9465382"
"13998459";"9465498"
"14032609";"9497398"
"14032609";"9517248"
"14038529";"9514796"
"14050695";"9430887"
"14050695";"9430908"
"14090645";"9324805"
"14090645";"9325259"
"14090645";"9325374"
"14090645";"9325463"
"14090645";"9325492"
"14093943";"9502361"
"14103398";"9388437"
"14114456";"9383658"
"14119035";"9396568"
"14119035";"9396795"
"14125443";"9144329"
"14125443";"9144343"
"14125443";"9144356"
"14125443";"9144368"
"14125443";"9144383"
"14125443";"9422808"
"14125443";"9509514"
"14126720";"9425249"
"14126720";"9425309"
"14137476";"9446692"
"14137593";"9464716"
"14154836";"9497179"
"14156413";"9513114"
"14170029";"9141810"
"14170029";"9338539"
"14170029";"9338552"
"14170029";"9338573"
"14170029";"9368634"
"14170029";"9462965"
"14174450";"9379000"
"14174450";"9379140"
"14174450";"9384502"
"14174450";"9417809"
"14176477";"9514421"
"14177088";"9135681"
"14177088";"9215653"
"14182116";"9413055"
"14182116";"9414834"
"14249750";"9343927"
"14249750";"9343973"
"14250371";"9460769"
"14250371";"9460799"
"14250371";"9461034"
"14250371";"9461374"
"14255370";"9456892"
"14257974";"9117989"
"14303840";"9525826"
"14303840";"9525844"
"14303840";"9525874"
"14303840";"9525892"
"14309487";"9172844"
"14319133";"9345755"
"14319878";"9055663"
"14319878";"9055667"
"14319878";"9055674"
"14319878";"9154413"
"14344813";"9466272"
"14360645";"9441833"
"14367753";"9409367"
"14367753";"9409856"
"14373359";"9445419"
"14373359";"9495071"
"14374665";"9054538"
"14376522";"9330238"
"14376522";"9408325"
"14376763";"9117802"
"14376763";"9118409"
"14376763";"9319431"
"14376763";"9329036"
"14376763";"9331619"
"14376763";"9331721"
"14376763";"9344154"
"14376763";"9431067"
"14376763";"9451526"
"14383405";"9455049"
"14402251";"9401151"
"14402251";"9523048"
"14405014";"9401185"
"14405014";"9464029"
"14405014";"9464140"
"14409692";"9523012"
"14409692";"9523025"
"14416219";"9407365"
"14420492";"9388411"
"14445490";"9504265"
"14445490";"9504300"
"14451490";"9392971"
"14451490";"9393031"
"14451490";"9522582"
"14451490";"9522648"
"14459157";"9430780"
"14459338";"9169208"
"14459338";"9374413"
"14459338";"9374421"
"14472087";"9381552"
"14472087";"9515518"
"14479127";"9454844"
"14496684";"9459837"
"14496684";"9459848"
"14496684";"9459857"
"14498916";"9388057"
"14498916";"9399606"
"14518981";"9172223"
"14518981";"9172241"
"14518981";"9419948"
"14539835";"9397490"
"14540685";"9414238"
"14540685";"9414503"
"14543409";"9447369"
"14543409";"9447419"
"14546258";"9419516"
"14546258";"9445481"
"14546258";"9445510"
"14552115";"9460582"
"14571706";"9451866"
"14571706";"9451878"
"14590253";"9392713"
"14590253";"9392731"
"14596896";"9471326"
"14598584";"9455974"
"14605286";"9366987"
"14631878";"9409599"
"14631878";"9501419"
"14638268";"9323478"
"14644903";"9392295"
"14644903";"9392296"
"14644903";"9392297"
"14657613";"9458550"
"14672603";"9494376"
"14672603";"9494431"
"14672603";"9494573"
"14672801";"9525624"
"14680239";"9490129"
"14700145";"9437312"
"14702044";"9419786"
"14702044";"9452685"
"14702044";"9462158"
"14702044";"9462211"
"14702044";"9498633"
"14706230";"9429442"
"14723419";"9400486"
"14723419";"9400502"
"14723419";"9437597"
"14731459";"9451119"
"14738197";"9478512"
"14739959";"9413767"
"14739959";"9507503"
"14739959";"9507528"
"14748531";"9405873"
"14773791";"9084015"
"14777166";"8769015"
"14777166";"9068935"
"14777166";"9341347"
"14780013";"9028384"
"14780013";"9099237"
"14780013";"9161680"
"14780013";"9367037"
"14780013";"9381101"
"14780013";"9412070"
"14780458";"9392995"
"14782197";"9503371"
"14795306";"9525174"
"14795328";"9496975"
"14819826";"9054054"
"14819826";"9373007"
"14821198";"9343732"
"14821198";"9343757"
"14824751";"9414853"
"14824751";"9525131"
"14833315";"9080103"
"14833315";"9080150"
"14833315";"9080185"
"14834414";"9404962"
"14834414";"9405128"
"14835252";"9427086"
"14840983";"9511382"
"14850617";"9382458"
"14853182";"9497353"
"14858881";"9445039"
"14859349";"9448453"
"14865038";"9455739"
"14865688";"9433775"
"14895901";"9377506"
"14895901";"9429718"
"14901821";"9523991"
"14924054";"9337122"
"14931093";"9435290"
"14935882";"9144548"
"14942684";"9430023"
"14942684";"9501390"
"14942684";"9501401"
"14942684";"9501407"
"14942684";"9501416"
"14954655";"9138169"
"14964132";"9343039"
"14968970";"9460154"
"14970189";"9365673"
"14970189";"9494174"
"14970189";"9494194"
"14970189";"9494392"
"14970189";"9494842"
"14970189";"9494874"
"14970189";"9495483"
"14970189";"9495629"
"14970189";"9495684"
"14970189";"9495759"
"14970189";"9495777"
"14970189";"9495795"
"14970189";"9495808"
"14970189";"9495813"
"14970189";"9495827"
"14970189";"9495832"
"14970189";"9495835"
"14970189";"9496653"
"14972325";"9507689"
"14985476";"9151735"
"15019147";"9329674"
"15019147";"9329725"
"15019147";"9329864"
"15019147";"9370322"
"15019147";"9370482"
"15019147";"9412204"
"15019147";"9414963"
"15019147";"9416789"
"15019147";"9448475"
"15019147";"9448539"
"15019147";"9448745"
"15019147";"9490613"
"15019147";"9490632"
"15019147";"9528354"
"15019147";"9535297"
"15023484";"9459798"
"15023484";"9459807"
"15026441";"9378271"
"15053671";"9536382"
"15053774";"9432091"
"15053774";"9432681"
"15068183";"9225767"
"15097828";"9403160"
"15122385";"9513620"
"15136153";"9434313"
"15140779";"9389007"
"15140779";"9389149"
"15143020";"9519362"
"15143020";"9519383"
"15153061";"9169082"
"15153453";"9319962"
"15165260";"9447615"
"15187709";"9372032"
"15211473";"9522904"
"15221348";"9440837"
"15221348";"9440860"
"15221374";"9145070"
"15221374";"9467860"
"15221374";"9467923"
"15221374";"9467970"
"15224868";"9440521"
"15224868";"9494259"
"15234942";"9055417"
"15248447";"9219112"
"15248447";"9494692"
"15248447";"9529791"
"15248447";"9529842"
"15250014";"9450018"
"15251357";"9394296"
"15251357";"9394308"
"15269686";"9383603"
"15272495";"9424173"
"15278054";"9524628"
"15281521";"9532962"
"15301011";"9421171"
"15314900";"9422852"
"15314900";"9491727"
"15327120";"9514903"
"15327410";"9371948"
"15327410";"9392999"
"15327410";"9512650"
"15327410";"9512656"
"15327410";"9512660"
"15327635";"9436083"
"15348073";"9411011"
"15362058";"9175328"
"15362058";"9175351"
"15362058";"9405520"
"15362058";"9405833"
"15362058";"9405857"
"15367079";"9459385"
"15367079";"9462472"
"15371897";"9153959"
"15371897";"9153981"
"15371897";"9153999"
"15371897";"9377259"
"15371897";"9507533"
"15376144";"9396416"
"15376441";"9409926"
"15378108";"9463816"
"15378573";"8945832"
"15397994";"9509775"
"15404557";"9462394"
"15404557";"9492025"
"15411017";"9325429"
"15418448";"9108097"
"15418448";"9378730"
"15418448";"9378745"
"15418448";"9464478"
"15418448";"9464496"
"15418448";"9466781"
"15418448";"9466800"
"15438926";"9410376"
"15452296";"9453868"
"15452296";"9491378"
"15452296";"9491688"
"15475574";"9335765"
"15487411";"9526421"
"15487411";"9528770"
"15492710";"9437317"
"15494146";"9227058"
"15517562";"9457155"
"15523960";"9448521"
"15528858";"9033085"
"15528858";"9216986"
"15528858";"9395600"
"15528858";"9451361"
"15532011";"9418006"
"15532539";"9519960"
"15539784";"9221444"
"15544747";"9391215"
"15546646";"9420605"
"15553039";"9119100"
"15598535";"9522837"
"15598535";"9524002"
"15610139";"9222770"
"15610653";"9114300"
"15610653";"9377872"
"15610653";"9382146"
"15610653";"9382204"
"15610653";"9414067"
"15610653";"9427052"
"15610653";"9427152"
"15610653";"9491056"
"15634716";"9095640"
"15639777";"9512352"
"15640665";"9101421"
"15654692";"9501042"
"15713289";"9513478"
"15713289";"9513572"
"15747771";"9396649"
"15747771";"9396655"
"15747771";"9409049"
"15747771";"9436249"
"15747771";"9458698"
"15755681";"9437133"
"15790266";"9321081"
"15790266";"9388533"
"15790266";"9388568"
"15819725";"9513871"
"15824728";"9106331"
"15824728";"9406617"
"15824728";"9450268"
"15832688";"9175737"
"15832688";"9320513"
"15832688";"9394866"
"15832688";"9414706"
"15832688";"9414866"
"15832688";"9453982"
"15832688";"9517034"
"15845331";"9097972"
"15845331";"9098034"
"15845331";"9099139"
"15845331";"9099154"
"15845331";"9099163"
"15845331";"9099270"
"15845331";"9099325"
"15845331";"9099357"
"15847413";"9370684"
"15856685";"9442587"
"15872632";"9464570"
"15872632";"9503824"
"15887535";"9405744"
"15897925";"9522922"
"15905118";"9327434"
"15905118";"9401441"
"15905118";"9447974"
"15905118";"9463742"
"15905118";"9496610"
"15918027";"9498392"
"15929443";"9044551"
"15929443";"9451867"
"15929443";"9459199"
"15930014";"9467025"
"15930014";"9499607"
"15937976";"8811717"
"15944827";"9419401"
"15951488";"9340404"
"15951488";"9343950"
"15951488";"9418338"
"15951488";"9422794"
"15951488";"9426051"
"15951488";"9435052"
"15951488";"9494315"
"15951488";"9500873"
"15951488";"9503862"
"15954113";"9452148"
"15970700";"9366177"
"15970700";"9368877"
"15970700";"9373402"
"15970700";"9374599"
"15970700";"9397791"
"15970700";"9397904"
"15970700";"9409552"
"15970700";"9431557"
"15970700";"9431572"
"15970700";"9431584"
"15970700";"9431596"
"15970700";"9431606"
"15970700";"9431621"
"15970700";"9431641"
"15970700";"9431650"
"15970700";"9431669"
"15970700";"9431699"
"15970700";"9431712"
"15970700";"9431721"
"15970700";"9431728"
"15970700";"9431756"
"15970700";"9431777"
"15970700";"9431852"
"15970700";"9431875"
"15970700";"9431894"
"15970700";"9431914"
"15970700";"9431932"
"15970700";"9431941"
"15970700";"9431955"
"15970700";"9431977"
"15970700";"9432020"
"15970700";"9432032"
"15970700";"9432046"
"15970700";"9432066"
"15970700";"9432076"
"15970700";"9432107"
"15970700";"9432121"
"15970700";"9432138"
"15970700";"9432296"
"15970700";"9441162"
"15970700";"9463730"
"15970700";"9463753"
"15970700";"9463782"
"15970700";"9463800"
"15970700";"9463812"
"15970700";"9463866"
"15970700";"9463882"
"15970700";"9463897"
"15970700";"9463907"
"15970700";"9492719"
"15970700";"9492732"
"15970700";"9492745"
"15970700";"9492764"
"15970700";"9492779"
"15970700";"9492790"
"15970700";"9492806"
"15970700";"9492816"
"15970700";"9492832"
"15970700";"9492850"
"15970700";"9505184"
"15970700";"9505225"
"15970700";"9505234"
"15970700";"9505248"
"15970700";"9505259"
"15970700";"9505277"
"15997092";"9333293"
"16008927";"9530055"
"16044494";"9408841"
"16047880";"9446909"
"16071610";"9522204"
"16071610";"9534550"
"16120911";"9404784"
"16120911";"9420539"
"16120911";"9420790"
"16120911";"9421326"
"16120911";"9532380"
"16155561";"8990703"
"16156830";"9463532"
"16161475";"9414579"
"16186794";"9406098"
"16199197";"9511108"
"16201814";"9343895"
"16229554";"9391918"
"16229554";"9391926"
"16229554";"9391938"
"16229554";"9526959"
"16229554";"9526969"
"16241910";"9537679"
"16249385";"9537158"
"16255720";"9353659"
"16255720";"9353666"
"16255720";"9353678"
"16255720";"9353683"
"16255720";"9353690"
"16255720";"9353695"
"16255720";"9353702"
"16255720";"9353705"
"16255720";"9353716"
"16255720";"9353719"
"16255720";"9353723"
"16255720";"9353728"
"16255720";"9490046"
"16277761";"9170288"
"16282226";"9460341"
"16282226";"9460376"
"16282226";"9460410"
"16282226";"9460465"
"16282226";"9460497"
"16282226";"9460554"
"16282226";"9460580"
"16282226";"9460617"
"16282226";"9460647"
"16282226";"9460670"
"16282226";"9460701"
"16282226";"9460731"
"16294154";"9163273"
"16294154";"9163292"
"16317864";"9429797"
"16325966";"9419263"
"16326990";"9414165"
"16327374";"9122650"
"16335596";"9381166"
"16335596";"9381214"
"16335596";"9381243"
"16335596";"9381266"
"16335596";"9381294"
"16335596";"9381311"
"16351370";"9503383"
"16352784";"9322207"
"16352784";"9409161"
"16352784";"9450735"
"16364057";"9536696"
"16390710";"9457892"
"16390710";"9458040"
"16391401";"9493790"
"16400037";"9438011"
"16400037";"9520219"
"16400037";"9520238"
"16400037";"9520260"
"16400037";"9520273"
"16400037";"9520285"
"16400037";"9520314"
"16400037";"9520328"
"16400037";"9520341"
"16400037";"9520353"
"16400037";"9520368"
"16400037";"9520403"
"16400037";"9520428"
"16400037";"9520449"
"16400037";"9520476"
"16400037";"9520501"
"16400037";"9520519"
"16400037";"9520574"
"16400037";"9520596"
"16400037";"9520614"
"16400037";"9520671"
"16400037";"9520698"
"16400037";"9520723"
"16400037";"9520747"
"16400037";"9520781"
"16400037";"9520803"
"16400037";"9520813"
"16400037";"9520835"
"16400037";"9520862"
"16400037";"9520888"
"16404776";"9329301"
"16404859";"9430810"
"16404859";"9430852"
"16420077";"9429698"
"16420077";"9438698"
"16440946";"9403590"
"16440946";"9403591"
"16440946";"9403641"
"16440946";"9423818"
"16440946";"9439023"
"16440946";"9439030"
"16440946";"9440313"
"16453917";"9137407"
"16453917";"9335056"
"16453917";"9352812"
"16453917";"9407223"
"16453917";"9465709"
"16453917";"9467074"
"16453917";"9490390"
"16453917";"9490423"
"16453917";"9490519"
"16453917";"9505865"
"16453917";"9505925"
"16453917";"9506055"
"16454233";"9165948"
"16454233";"9174028"
"16454233";"9322997"
"16454233";"9411569"
"16454233";"9411583"
"16454233";"9411593"
"16454233";"9411616"
"16454233";"9411649"
"16454233";"9411671"
"16454233";"9411697"
"16454233";"9411725"
"16454233";"9411743"
"16454233";"9411773"
"16454233";"9411821"
"16454233";"9411843"
"16454233";"9411900"
"16454233";"9411920"
"16454233";"9411955"
"16454233";"9444702"
"16454233";"9458601"
"16454233";"9458649"
"16454233";"9458664"
"16454233";"9462311"
"16454233";"9491424"
"16454233";"9491467"
"16455517";"9423991"
"16455517";"9448926"
"16459952";"9465276"
"16472794";"9333687"
"16483164";"9345992"
"16491763";"9366388"
"16491763";"9413849"
"16491763";"9466376"
"16492101";"9506648"
"16521168";"9149602"
"16521168";"9227302"
"16521168";"9227403"
"16521168";"9349064"
"16521168";"9349124"
"16521168";"9380847"
"16521168";"9405459"
"16521168";"9443275"
"16521168";"9443339"
"16521168";"9443351"
"16521168";"9480091"
"16521168";"9480158"
"16521168";"9480223"
"16523133";"9494304"
"16543018";"9171869"
"16543018";"9324737"
"16543018";"9324796"
"16543018";"9324819"
"16543018";"9381352"
"16543018";"9381377"
"16544289";"9459855"
"16582049";"9533585"
"16582553";"9502453"
"16590031";"9341567"
"16590031";"9341595"
"16590031";"9498540"
"16603828";"9102184"
"16611996";"9524320"
"16623716";"9370992"
"16623716";"9443853"
"16623716";"9457514"
"16623716";"9492422"
"16623716";"9498748"
"16629196";"9453977"
"16655858";"9122566"
"16655858";"9122628"
"16655858";"9122643"
"16655858";"9122663"
"16655858";"9122688"
"16655858";"9122731"
"16655858";"9122791"
"16657487";"9226005"
"16657487";"9429733"
"16657487";"9489928"
"16657487";"9537496"
"16678583";"9368728"
"16708358";"9394824"
"16721462";"9496849"
"16733002";"9333253"
"16733002";"9348402"
"16733002";"9417554"
"16743679";"9378644"
"16743679";"9378650"
"16743679";"9378661"
"16743679";"9384532"
"16743679";"9384571"
"16743679";"9450582"
"16743679";"9450613"
"16743679";"9450649"
"16743679";"9450676"
"16743679";"9450719"
"16743679";"9450782"
"16743679";"9450813"
"16743679";"9450842"
"16743679";"9450879"
"16743679";"9501628"
"16746130";"9332946"
"16746130";"9428138"
"16754992";"9366985"
"16759043";"9466194"
"16759043";"9493730"
"16767843";"9457557"
"16767959";"9067967"
"16777124";"9375731"
"16777124";"9375764"
"16793039";"9526911"
"16799175";"9149055"
"16811302";"9430432"
"16816020";"9517757"
"16845464";"9219262"
"16845464";"9219278"
"16847545";"9414075"
"16847545";"9471537"
"16847545";"9504175"
"16847545";"9504243"
"16858095";"9461355"
"16869650";"9130513"
"16869650";"9130538"
"16869650";"9130582"
"16869650";"9425423"
"16882051";"9331293"
"16882051";"9333775"
"16882051";"9397018"
"16882051";"9520860"
"16891348";"9350000"
"16909851";"9352685"
"16909851";"9352694"
"16909851";"9352706"
"16915578";"9387721"
"16915578";"9387768"
"16915578";"9387835"
"16939307";"8907818"
"16939307";"8907820"
"16939307";"9071896"
"16939307";"9131115"
"16939307";"9159016"
"16939307";"9159020"
"16939307";"9159033"
"16939307";"9159047"
"16939307";"9439075"
"16941879";"9368007"
"16975468";"9414209"
"16976940";"9138720"
"16976940";"9138752"
"16976940";"9138791"
"16976940";"9138821"
"16976940";"9321810"
"16978534";"9128247"
"16978534";"9146239"
"16978534";"9447368"
"16978534";"9455342"
"16979381";"9331019"
"16979381";"9331090"
"16979381";"9331129"
"16985712";"9449081"
"17017352";"9489618"
"17017352";"9489623"
"17044265";"9382119"
"17044265";"9420936"
"17053492";"9442645"
"17053492";"9443089"
"17054372";"9446362"
"17054372";"9446391"
"17054372";"9510456"
"17066291";"9421738"
"17069189";"9335326"
"17069189";"9440866"
"17075250";"9088798"
"17077856";"9452463"
"17077856";"9459966"
"17080491";"9107892"
"17080491";"9107927"
"17080491";"9107940"
"17080491";"9107948"
"17080491";"9345782"
"17080491";"9345794"
"17080491";"9345804"
"17080491";"9345812"
"17080491";"9345821"
"17080491";"9345827"
"17080491";"9345838"
"17080693";"9420760"
"17083854";"9098376"
"17083854";"9127537"
"17094389";"9417767"
"17100096";"9350029"
"17100514";"9437021"
"17102827";"9035329"
"17102827";"9035340"
"17102827";"9035368"
"17102827";"9035394"
"17102827";"9141439"
"17130969";"9537298"
"17138330";"9503915"
"17139436";"9342538"
"17139436";"9342562"
"17149790";"9326816"
"17153676";"9450689"
"17153676";"9450725"
"17161610";"9532390"
"17172779";"9028862"
"17172779";"9028884"
"17172779";"9028893"
"17172779";"9028938"
"17172779";"9123044"
"17172779";"9123058"
"17172779";"9123077"
"17172779";"9353627"
"17172779";"9353631"
"17172779";"9353636"
"17172779";"9353638"
"17172779";"9353640"
"17172779";"9353642"
"17185520";"9508284"
"17198026";"9447708"
"17198026";"9447802"
"17198026";"9447851"
"17203661";"9387089"
"17205044";"9466972"
"17205044";"9535724"
"17212698";"9100513"
"17212698";"9224249"
"17240735";"9418820"
"17240735";"9420451"
"17240735";"9508069"
"17240735";"9512864"
"17240735";"9521955"
"17240735";"9526077"
"17246597";"9368711"
"17246597";"9436877"
"17246597";"9437484"
"17246597";"9510013"
"17250834";"9326764"
"17250834";"9326867"
"17250834";"9400714"
"17327956";"9464770"
"17340384";"9449180"
"17340833";"9417410"
"17343423";"9376550"
"17380555";"9372169"
"17380555";"9383037"
"17393862";"9092532"
"17411135";"9419422"
"17411209";"9435089"
"17411209";"9532011"
"17419436";"9068350"
"17419436";"9337340"
"17419436";"9337354"
"17419436";"9337369"
"17419436";"9337395"
"17419436";"9337430"
"17436330";"9405564"
"17436330";"9405615"
"17436330";"9406046"
"17436884";"9134348"
"17437391";"9387203"
"17444330";"9526711"
"17455054";"9170172"
"17455054";"9170320"
"17463883";"9442546"
"17486065";"9498393"
"17493878";"9379136"
"17496620";"9503972"
"17497504";"9161152"
"17497504";"9489878"
"17497504";"9489893"
"17497504";"9489920"
"17497504";"9513828"
"17497504";"9513843"
"17502859";"9135030"
"17502859";"9420878"
"17502859";"9471316"
"17502859";"9525298"
"17502859";"9531032"
"17503716";"9466245"
"17504941";"9437989"
"17529120";"9454432"
"17539849";"9215694"
"17539849";"9224979"
"17539849";"9225277"
"17539849";"9225450"
"17539849";"9226363"
"17539849";"9226421"
"17539849";"9226543"
"17539849";"9226604"
"17539849";"9408761"
"17539849";"9437823"
"17539849";"9437968"
"17539849";"9438055"
"17539849";"9438439"
"17539849";"9438657"
"17539849";"9440985"
"17539849";"9441026"
"17539849";"9442040"
"17539849";"9489403"
"17539849";"9489436"
"17541717";"9371826"
"17541717";"9494482"
"17541717";"9501878"
"17544196";"9518879"
"17544196";"9518916"
"17544196";"9518989"
"17556539";"9533980"
"17561053";"9175956"
"17561053";"9380701"
"17570165";"9156406"
"17570165";"9442560"
"17570165";"9442597"
"17580304";"9412046"
"17582367";"9490609"
"17597928";"9459447"
"17600109";"9120119"
"17605459";"9155481"
"17605459";"9384084"
"17605459";"9491392"
"17613499";"9416828"
"17616199";"9325039"
"17616199";"9325058"
"17616199";"9325085"
"17616199";"9514554"
"17624579";"9167932"
"17633018";"9216812"
"17633018";"9422596"
"17633018";"9453951"
"17633018";"9489452"
"17633018";"9491246"
"17636078";"9499137"
"17646812";"9065280"
"17646812";"9376910"
"17646812";"9376929"
"17646812";"9517388"
"17657440";"9186945"
"17682979";"9512950"
"17694867";"9377718"
"17694867";"9377739"
"17698830";"9501143"
"17715385";"9423060"
"17715385";"9423089"
"17716499";"9514720"
"17716634";"9047130"
"17716634";"9047139"
"17716634";"9142763"
"17729488";"9464426"
"17740474";"9430717"
"17740474";"9434560"
"17754722";"9219458"
"17754722";"9423160"
"17767027";"9373203"
"17775390";"9155103"
"17803901";"9455398"
"17803953";"9430380"
"17806553";"9476567"
"17812228";"9535855"
"17813346";"9462220"
"17813346";"9469933"
"17822063";"9396779"
"17849306";"9327403"
"17850440";"9382013"
"17863264";"9492814"
"17863264";"9492936"
"17869312";"9512608"
"17869312";"9512617"
"17881051";"9489544"
"17882667";"9456318"
"17886133";"9451807"
"17886214";"9514084"
"17886214";"9514093"
"17897005";"9168401"
"17910426";"9535259"
"17926971";"9447520"
"17939345";"9451610"
"17940623";"9335920"
"17941117";"9454559"
"17941117";"9454574"
"17941117";"9454583"
"17941117";"9454587"
"17941117";"9454597"
"17941117";"9454601"
"17941117";"9472628"
"17941930";"9030733"
"17941930";"9041440"
"17941930";"9051360"
"17941930";"9381671"
"17941930";"9381705"
"17941930";"9381734"
"17941930";"9381850"
"17941930";"9381859"
"17941930";"9381873"
"17941930";"9416661"
"17943202";"8969383"
"17960409";"9421048"
"17960409";"9421061"
"17960409";"9421077"
"17960409";"9527406"
"17960409";"9527412"
"17964061";"9166673"
"17965214";"9387456"
"17965214";"9415948"
"17965214";"9444669"
"17965214";"9466258"
"17975036";"9508016"
"17975036";"9512932"
"17975036";"9512940"
"17975036";"9533936"
"17975036";"9534142"
"17975704";"9403178"
"17980862";"9338615"
"17980862";"9453709"
"17984041";"9420532"
"17984041";"9420562"
"18006410";"9153414"
"18006410";"9502588"
"18006410";"9502595"
"18006410";"9502602"
"18006410";"9502608"
"18006410";"9502616"
"18006410";"9502626"
"18021679";"9396761"
"18039007";"9098766"
"18039007";"9422408"
"18039007";"9422426"
"18063017";"9475136"
"18069544";"9083574"
"18075443";"9525808"
"18075443";"9527079"
"18075443";"9533427"
"18076063";"9131007"
"18076063";"9131247"
"18076063";"9131310"
"18076063";"9160147"
"18076063";"9160167"
"18076063";"9378355"
"18076063";"9407996"
"18076063";"9408000"
"18076063";"9408010"
"18076063";"9408022"
"18076596";"9407710"
"18088903";"8921857"
"18088903";"8921875"
"18088903";"9098937"
"18088903";"9141627"
"18088903";"9383563"
"18088903";"9383593"
"18088903";"9383615"
"18088903";"9383624"
"18109957";"9380453"
"18111577";"9458248"
"18112211";"9352814"
"18127406";"9515246"
"18134914";"9340647"
"18134914";"9340845"
"18138655";"9320528"
"18138897";"9496054"
"18138897";"9496217"
"18138897";"9496561"
"18150270";"9347897"
"18151352";"9427013"
"18160189";"9516965"
"18161473";"9479330"
"18165540";"9430351"
"18187104";"9443011"
"18187104";"9443065"
"18187104";"9454875"
"18192349";"9088281"
"18193348";"9419686"
"18217269";"9396604"
"18232639";"9410655"
"18239417";"9415038"
"18267909";"9161020"
"18267909";"9461761"
"18267909";"9501533"
"18283059";"9387760"
"18283059";"9513336"
"18290150";"9454038"
"18290150";"9454051"
"18312824";"9430107"
"18312824";"9430153"
"18317688";"9498910"
"18317688";"9498929"
"18317688";"9498945"
"18317688";"9498960"
"18317688";"9498980"
"18317688";"9498990"
"18317688";"9499016"
"18317688";"9499056"
"18317688";"9499099"
"18317688";"9499122"
"18317688";"9499148"
"18333580";"9425698"
"18348770";"9335084"
"18348770";"9335101"
"18357420";"9159789"
"18371301";"9351960"
"18383566";"9372429"
"18383566";"9372431"
"18393957";"9397920"
"18393957";"9397942"
"18393957";"9397970"
"18393957";"9397995"
"18395345";"9506400"
"18396464";"9517841"
"18396464";"9528855"
"18397580";"9385952"
"18397580";"9463474"
"18403776";"9175770"
"18403776";"9490233"
"18424357";"9160702"
"18424357";"9160719"
"18424357";"9160744"
"18424357";"9160771"
"18424357";"9386830"
"18424357";"9386861"
"18424357";"9386893"
"18424357";"9386971"
"18424357";"9387047"
"18424357";"9387066"
"18424357";"9513288"
"18424539";"9415613"
"18426558";"9503626"
"18431005";"9410697"
"18445634";"9318681"
"18445634";"9318801"
"18445634";"9319231"
"18445634";"9368875"
"18460058";"9142314"
"18460058";"9419427"
"18468149";"9114257"
"18468149";"9363915"
"18468149";"9527445"
"18481072";"9522044"
"18482255";"9517792"
"18489176";"9524078"
"18496569";"9510578"
"18496569";"9510588"
"18498309";"9436010"
"18503361";"9222881"
"18503687";"9395090"
"18516462";"9512954"
"18516462";"9512979"
"18516462";"9513042"
"18555890";"9526587"
"18560273";"9501598"
"18591971";"9532045"
"18608557";"9480244"
"18625645";"9452913"
"18630375";"9418559"
"18638585";"9133370"
"18647602";"9527087"
"18684706";"9534688"
"18694310";"9415253"
"18694310";"9489875"
"18694310";"9527403"
"18694310";"9537646"
"18699416";"9405673"
"18699416";"9532170"
"18699619";"9118308"
"18711572";"9221974"
"18711572";"9409543"
"18711572";"9415005"
"18711572";"9418551"
"18711572";"9500473"
"18711572";"9512356"
"18716790";"9081775"
"18716790";"9097449"
"18716790";"9387710"
"18716790";"9387893"
"18716790";"9390798"
"18716790";"9466583"
"18716790";"9466687"
"18717480";"9367757"
"18736382";"9534047"
"18738554";"9452119"
"18738554";"9452138"
"18746846";"9519369"
"18753574";"9496834"
"18760045";"9501232"
"18766615";"9411688"
"18766615";"9465989"
"18766615";"9465999"
"18766615";"9466020"
"18772482";"9388849"
"18782797";"9350195"
"18782797";"9373326"
"18782797";"9460593"
"18782797";"9464092"
"18782797";"9513617"
"18806015";"9372455"
"18806015";"9372456"
"18813637";"9174463"
"18821862";"9528684"
"18823063";"9342038"
"18823063";"9431260"
"18823063";"9431364"
"18823063";"9447083"
"18823063";"9459486"
"18823063";"9505228"
"18823884";"9319212"
"18823884";"9389147"
"18828880";"9327902"
"18829471";"9337927"
"18829471";"9455721"
"18829471";"9456128"
"18829471";"9507182"
"18836531";"9406537"
"18837245";"9428281"
"18837245";"9450486"
"18837245";"9450963"
"18837245";"9451151"
"18837245";"9451451"
"18839966";"9407652"
"18843739";"9440097"
"18849663";"9415170"
"18852569";"9452540"
"18880687";"9159064"
"18880687";"9350256"
"18880826";"9427365"
"18880826";"9434811"
"18881667";"9440947"
"18881667";"9457493"
"18881667";"9457528"
"18881667";"9457559"
"18881667";"9457586"
"18881667";"9457610"
"18881667";"9457658"
"18881667";"9457678"
"18881667";"9457724"
"18881667";"9457753"
"18881667";"9457775"
"18881667";"9457817"
"18881667";"9457889"
"18881667";"9457936"
"18881667";"9457971"
"18881667";"9458013"
"18881667";"9458096"
"18881667";"9458147"
"18881667";"9458162"
"18881667";"9458186"
"18881667";"9459984"
"18881667";"9459996"
"18881667";"9460005"
"18881667";"9460018"
"18881667";"9460027"
"18881667";"9460041"
"18881667";"9460055"
"18881667";"9460064"
"18881667";"9460078"
"18881667";"9460085"
"18881667";"9460098"
"18881667";"9460111"
"18881667";"9460124"
"18881667";"9460138"
"18888172";"9442622"
"18900969";"9463199"
"18902543";"9441248"
"18902543";"9522266"
"18909064";"9420552"
"18909064";"9420713"
"18909064";"9420737"
"18909064";"9420757"
"18910778";"9113622"
"18917526";"9102746"
"18936964";"9519915"
"18938713";"9363450"
"18938713";"9363465"
"18948835";"9466051"
"18948835";"9523122"
"18948835";"9534526"
"18952276";"9513884"
"18952276";"9513932"
"18952276";"9513943"
"18953186";"9420798"
"18958577";"9406740"
"18959436";"9322707"
"18961323";"9417894"
"18973050";"9155054"
"18973285";"9489901"
"19000971";"9050334"
"19000971";"9169975"
"19001097";"9423400"
"19011136";"9409208"
"19031784";"9090811"
"19036522";"9464583"
"19036522";"9464587"
"19037946";"9097318"
"19037946";"9097337"
"19037946";"9216366"
"19043771";"9491102"
"19052532";"9149662"
"19052532";"9522443"
"19052532";"9522477"
"19052532";"9522489"
"19058002";"9485093"
"19062795";"9385435"
"19062795";"9501381"
"19065563";"9463391"
"19073377";"9126840"
"19073377";"9500928"
"19079847";"9331506"
"19079847";"9403556"
"19079847";"9403558"
"19093225";"8999339"
"19093225";"9081128"
"19093225";"9367561"
"19093225";"9410409"
"19093225";"9442098"
"19093225";"9442157"
"19093225";"9444641"
"19093225";"9509791"
"19093225";"9509801"
"19093225";"9509895"
"19093225";"9516886"
"19093225";"9518921"
"19093225";"9520494"
"19093225";"9520554"
"19093225";"9521545"
"19093225";"9521835"
"19097598";"9507090"
"19097598";"9534565"
"19097598";"9534632"
"19103319";"9517660"
"19113887";"8996899"
"19113887";"9380649"
"19113887";"9382254"
"19115238";"9463470"
"19126963";"9136056"
"19126963";"9376855"
"19141334";"9156163"
"19141334";"9156192"
"19141334";"9156383"
"19141334";"9156412"
"19147540";"9346677"
"19149028";"9495565"
"19172327";"9513134"
"19174903";"9415480"
"19174903";"9415492"
"19174903";"9415502"
"19183257";"9441188"
"19184951";"9401903"
"19193690";"9329308"
"19193690";"9329326"
"19193690";"9329347"
"19193690";"9329364"
"19193690";"9329374"
"19193690";"9329388"
"19193690";"9329399"
"19193690";"9329414"
"19193690";"9329440"
"19193690";"9329454"
"19193690";"9329499"
"19193690";"9329520"
"19193690";"9329621"
"19193690";"9329636"
"19193690";"9329673"
"19193690";"9329706"
"19193690";"9329717"
"19193690";"9329744"
"19193690";"9329773"
"19193690";"9329807"
"19193690";"9329820"
"19193690";"9329856"
"19193690";"9329912"
"19193690";"9329928"
"19193690";"9329950"
"19193690";"9330038"
"19193690";"9330053"
"19193690";"9330064"
"19193690";"9429659"
"19193690";"9429663"
"19193690";"9429669"
"19193690";"9429677"
"19201119";"9476284"
"19203076";"9451859"
"19205817";"9372084"
"19205817";"9524655"
"19212011";"9129324"
"19226826";"9049884"
"19226826";"9439220"
"19227651";"9157316"
"19227651";"9157335"
"19227651";"9526343"
"19227651";"9526363"
"19227651";"9526396"
"19232339";"9335526"
"19232339";"9347803"
"19232339";"9348823"
"19232339";"9349799"
"19233055";"9423810"
"19238471";"9367631"
"19238471";"9393066"
"19238471";"9393108"
"19238471";"9506079"
"19241960";"9450525"
"19242654";"9477777"
"19248536";"9107601"
"19248536";"9162464"
"19248536";"9167156"
"19248536";"9217408"
"19248536";"9217412"
"19248536";"9217418"
"19248536";"9370839"
"19248536";"9370948"
"19248536";"9386344"
"19248536";"9510107"
"19248536";"9525336"
"19248787";"9370454"
"19248787";"9370481"
"19252639";"9226581"
"19257004";"9490020"
"19272633";"9429177"
"19272633";"9429182"
"19273558";"9465538"
"19276034";"9091766"
"19281728";"9096752"
"19284513";"9512080"
"19286059";"9318719"
"19286059";"9370797"
"19289417";"9399578"
"19289976";"9319563"
"19290943";"9511511"
"19300804";"9493403"
"19300804";"9504242"
"19323801";"9512952"
"19336948";"9322047"
"19336948";"9445137"
"19344736";"9412308"
"19353254";"9453308"
"19353254";"9509305"
"19353254";"9509318"
"19353510";"9137554"
"19353642";"9458156"
"19357265";"9520974"
"19376782";"9459571"
"19379087";"9520541"
"19379087";"9520774"
"19379087";"9520905"
"19392268";"9506559"
"19392268";"9506580"
"19394486";"9336382"
"19394486";"9363383"
"19394486";"9405102"
"19394486";"9490576"
"19394486";"9490587"
"19399704";"9343145"
"19402214";"9521124"
"19402214";"9521191"
"19402214";"9521218"
"19403628";"9338450"
"19403628";"9338457"
"19403628";"9338479"
"19411862";"9172481"
"19413146";"9420335"
"19413146";"9420359"
"19413146";"9420380"
"19413146";"9420399"
"19413146";"9420423"
"19413146";"9420515"
"19413146";"9420555"
"19413146";"9420585"
"19413146";"9420618"
"19413146";"9420651"
"19413146";"9420742"
"19413146";"9420771"
"19413146";"9420791"
"19413146";"9420813"
"19413146";"9420864"
"19413146";"9420901"
"19413146";"9420957"
"19413146";"9420993"
"19413146";"9421010"
"19413146";"9421054"
"19413146";"9421076"
"19413146";"9421097"
"19413146";"9421137"
"19413146";"9421153"
"19413146";"9421180"
"19413146";"9421201"
"19413146";"9421225"
"19413146";"9421255"
"19413146";"9421285"
"19413146";"9421311"
"19413146";"9421351"
"19417886";"9365513"
"19418152";"9460483"
"19418152";"9521087"
"19430583";"9510166"
"19430583";"9525629"
"19436427";"9335264"
"19436427";"9335321"
"19436427";"9465237"
"19438796";"9414640"
"19439275";"9430130"
"19439275";"9450590"
"19439275";"9460129"
"19439275";"9524207"
"19464771";"9085531"
"19464771";"9225529"
"19465641";"9523082"
"19465816";"9074763"
"19478283";"9409175"
"19478283";"9525274"
"19479110";"9493971"
"19480179";"9221967"
"19480179";"9320913"
"19480179";"9320955"
"19480179";"9320967"
"19480179";"9320981"
"19480179";"9320998"
"19480179";"9321018"
"19480179";"9321033"
"19480179";"9321050"
"19480179";"9321059"
"19480179";"9321066"
"19480179";"9416155"
"19480179";"9528484"
"19483815";"9498060"
"19483815";"9498069"
"19483815";"9498085"
"19483815";"9498101"
"19483815";"9498116"
"19494330";"9101218"
"19494330";"9346077"
"19494495";"9384139"
"19494495";"9387882"
"19502821";"9521843"
"19502821";"9530867"
"19504105";"9535887"
"19509552";"9455731"
"19521926";"9490883"
"19521926";"9490994"
"19532576";"9439304"
"19532746";"9406807"
"19534265";"9133078"
"19534265";"9133132"
"19534265";"9133156"
"19534265";"9320439"
"19534265";"9386547"
"19534265";"9386563"
"19538282";"9226223"
"19538282";"9437112"
"19538282";"9437196"
"19538282";"9501629"
"19539353";"9108693"
"19539353";"9108755"
"19539353";"9389212"
"19539353";"9389533"
"19539353";"9389616"
"19539353";"9522752"
"19544063";"9094069"
"19549200";"9337997"
"19549200";"9338012"
"19551957";"9512531"
"19551957";"9512571"
"19551957";"9516825"
"19555613";"9418229"
"19559540";"9525237"
"19559580";"9075980"
"19562391";"9408328"
"19562391";"9408360"
"19562391";"9409636"
"19562391";"9430782"
"19562391";"9448431"
"19562391";"9459492"
"19564420";"9175425"
"19564420";"9175442"
"19564420";"9371598"
"19564420";"9422799"
"19564420";"9430814"
"19564420";"9499095"
"19564420";"9514810"
"19564420";"9514843"
"19564420";"9514891"
"19564906";"9439909"
"19579415";"9516813"
"19587849";"9445671"
"19602696";"9448067"
"19609864";"9168407"
"19609864";"9168478"
"19609864";"9430789"
"19609864";"9514621"
"19610647";"9223185"
"19610647";"9371642"
"19610647";"9489939"
"19610647";"9532354"
"19612798";"9424527"
"19613237";"9432985"
"19613237";"9432989"
"19613237";"9442713"
"19647980";"9369241"
"19655566";"9433935"
"19655566";"9434274"
"19655566";"9455356"
"19655566";"9460281"
"19660985";"9436186"
"19660985";"9455236"
"19660985";"9455288"
"19660985";"9455336"
"19660985";"9489505"
"19660985";"9517308"
"19660985";"9517410"
"19679277";"9400097"
"19708912";"9382069"
"19708912";"9382084"
"19718594";"9370549"
"19730046";"9350277"
"19730046";"9460842"
"19730046";"9460855"
"19730913";"9122462"
"19730913";"9347305"
"19730913";"9347311"
"19730913";"9477339"
"19730913";"9477361"
"19730913";"9477383"
"19741275";"9512591"
"19744216";"9368442"
"19751471";"9228524"
"19751471";"9331413"
"19751471";"9348757"
"19751471";"9409238"
"19751471";"9462905"
"19751471";"9465547"
"19751471";"9465599"
"19751471";"9465734"
"19751471";"9465778"
"19751471";"9501028"
"19751471";"9502929"
"19753398";"9154996"
"19753398";"9224635"
"19753398";"9532274"
"19756460";"9375259"
"19757341";"9509542"
"19761881";"8952453"
"19761881";"9151216"
"19792085";"9386241"
"19792085";"9417405"
"19792085";"9491786"
"19792085";"9491792"
"19798066";"9425839"
"19802070";"9532360"
"19821520";"9436846"
"19822801";"9219453"
"19822801";"9219476"
"19823290";"9399137"
"19823290";"9399195"
"19823290";"9410283"
"19823357";"9350331"
"19823357";"9350342"
"19823357";"9350351"
"19823357";"9350362"
"19823357";"9413763"
"19823357";"9455272"
"20819303";"9422000"
"20920345";"9421531"
"20920345";"9518137"
"20930490";"9426227"
"20930797";"9151193"
"20930797";"9377211"
"20934433";"9380188"
"20934433";"9448693"
"20934433";"9466435"
"20934433";"9495031"
"20935044";"9447484"
"20935044";"9447516"
"20935044";"9447534"
"20935044";"9447547"
"20935044";"9447580"
"20937215";"9416517"
"20942055";"9454939"
"20942055";"9454944"
"20943747";"9374353"
"20947562";"9322082"
"20955998";"9339783"
"20956298";"9404369"
"20960942";"9537464"
"20960942";"9537490"
"20960942";"9537567"
"20960942";"9537676"
"20977367";"9338223"
"21012580";"9457854"
"21012983";"9534708"
"21013697";"9108676"
"21013697";"9345711"
"21013697";"9514215"
"21013697";"9514251"
"21025457";"9396670"
"21025457";"9511253"
"21026876";"9348976"
"21026876";"9348987"
"21027320";"9046705"
"21034552";"9157085"
"21034552";"9513658"
"21042716";"9463546"
"21048074";"9505358"
"21048601";"9388815"
"21056211";"9447470"
"21056823";"9457295"
"21061192";"9508308"
"21066135";"9371442"
"21066151";"9118957"
"21066151";"9318865"
"21066151";"9458238"
"21066151";"9458249"
"21066151";"9507315"
"21066751";"9419429"
"21067717";"9323846"
"21067717";"9419588"
"21067717";"9439902"
"21069730";"9412167"
"21069730";"9412195"
"21069730";"9412294"
"21069730";"9412435"
"21070148";"9228409"
"21078973";"9117717"
"21078973";"9142187"
"21095209";"9112772"
"21100194";"9503935"
"21100449";"9404642"
"21100449";"9404652"
"21100449";"9404677"
"21105711";"9352410"
"21105711";"9499615"
"21111855";"9170906"
"21111855";"9170935"
"21116124";"9345285"
"21116124";"9458490"
"21124624";"9427694"
"21142543";"9173349"
"21142543";"9433740"
"21142543";"9448406"
"21142543";"9462791"
"21142543";"9464969"
"21142543";"9527420"
"21143296";"9384003"
"21143296";"9384014"
"21143296";"9384030"
"21143296";"9507696"
"21143296";"9507725"
"21143296";"9507751"
"21143296";"9507772"
"21143296";"9507791"
"21143296";"9507834"
"21143296";"9507852"
"21154482";"9224855"
"21154482";"9224871"
"21154482";"9224897"
"21154482";"9224928"
"21154482";"9224951"
"21154482";"9224964"
"21154482";"9224981"
"21154482";"9224995"
"21154482";"9225019"
"21154482";"9225064"
"21163535";"9489777"
"21169361";"9336584"
"21169361";"9407158"
"21169361";"9414636"
"21169361";"9501897"
"21173249";"9532575"
"21174854";"9411504"
"21176996";"9533732"
"21176996";"9533748"
"21182864";"9427361"
"21184958";"9370154"
"21184958";"9370180"
"21184958";"9370204"
"21206177";"9342171"
"21207614";"9350270"
"21207614";"9350271"
"21207614";"9490700"
"21211114";"9527375"
"21216910";"9449153"
"21216910";"9503392"
"21224803";"9140052"
"21229125";"9411647"
"21229125";"9519035"
"21232543";"9159576"
"21232963";"9335770"
"21232963";"9424338"
"21233479";"9527409"
"21233479";"9531110"
"21244334";"9218347"
"21257094";"9461356"
"21268706";"9378906"
"21280180";"9448354"
"21285468";"9510997"
"21286395";"9160734"
"21286395";"9376945"
"21286395";"9531003"
"21288142";"9135517"
"21300690";"9450010"
"21313475";"9526030"
"21313617";"9058770"
"21313617";"9458541"
"21313617";"9467266"
"21322466";"9490723"
"21322466";"9490748"
"21323138";"9352709"
"21323138";"9534575"
"21330117";"9341020"
"21330117";"9345306"
"21330117";"9394735"
"21330117";"9426875"
"21330670";"9494600"
"21347558";"9456922"
"21347558";"9460094"
"21348931";"9435477"
"21358987";"9465928"
"21379148";"9490701"
"21380717";"9537744"
"21384618";"9220263"
"21406660";"9144836"
"21406660";"9509377"
"21416520";"9490050"
"21416520";"9490089"
"21416520";"9490127"
"21416520";"9490145"
"21416520";"9505104"
"21416845";"9378767"
"21425040";"9383716"
"21425404";"9398544"
"21426482";"9497013"
"21429686";"9504385"
"21448038";"9508559"
"21454043";"9166161"
"21454043";"9166172"
"21454043";"9166186"
"21454043";"9166202"
"21454043";"9166214"
"21454043";"9166233"
"21454043";"9166246"
"21454043";"9166258"
"21455143";"9342587"
"21455458";"9499266"
"21455458";"9499448"
"21455458";"9499583"
"21455458";"9499636"
"21455458";"9499719"
"21455458";"9499742"
"21455458";"9503492"
"21455458";"9503612"
"21455458";"9503874"
"21455458";"9503943"
"21455458";"9504056"
"21455458";"9504082"
"21455458";"9504204"
"21455458";"9504234"
"21455458";"9504260"
"21455458";"9504277"
"21455458";"9504301"
"21455458";"9506862"
"21456346";"9320975"
"21456346";"9420647"
"21457808";"9530876"
"21460267";"9458357"
"21464579";"9325546"
"21464579";"9332440"
"21464579";"9332484"
"21464579";"9332757"
"21464579";"9332810"
"21464579";"9332832"
"21464579";"9332893"
"21464579";"9333565"
"21464579";"9333567"
"21464579";"9333573"
"21464579";"9333634"
"21464579";"9333649"
"21464579";"9333667"
"21464579";"9333691"
"21464579";"9333721"
"21464579";"9333741"
"21464579";"9333808"
"21464579";"9379761"
"21464579";"9379789"
"21464579";"9379810"
"21464579";"9379833"
"21464579";"9402077"
"21464579";"9402107"
"21464579";"9402118"
"21464579";"9402129"
"21464579";"9402177"
"21464579";"9402207"
"21464579";"9422258"
"21464579";"9422268"
"21464579";"9422279"
"21464579";"9509262"
"21464579";"9509271"
"21464579";"9509294"
"21464579";"9509301"
"21464579";"9509307"
"21464579";"9509316"
"21464579";"9509328"
"21466686";"9413466"
"21478617";"9449385"
"21478617";"9449414"
"21481128";"9137471"
"21490427";"9097566"
"21490427";"9490246"
"21490427";"9490251"
"21494184";"9490562"
"21494184";"9490582"
"21494184";"9490619"
"21494184";"9490671"
"21494643";"9454741"
"21502848";"9225242"
"21519588";"9111356"
"21519588";"9387070"
"21519588";"9428530"
"21519588";"9511435"
"21520924";"9158886"
"21520924";"9173924"
"21532954";"9502475"
"21533395";"9158191"
"21536587";"9218879"
"21536587";"9463279"
"21536587";"9515001"
"21536587";"9523070"
"21537214";"9407357"
"21537214";"9407431"
"21544403";"9513973"
"21550211";"9375442"
"21550211";"9375471"
"21550211";"9375519"
"21550211";"9375563"
"21550211";"9443996"
"21559026";"9504228"
"21559146";"9086877"
"21559146";"9228846"
"21560226";"9342292"
"21561200";"9397407"
"21562872";"9374264"
"21566453";"9173044"
"21566453";"9401315"
"21570550";"9521709"
"21570550";"9521718"
"21573694";"9371225"
"21580601";"9490649"
"21582558";"9044761"
"21583085";"9103883"
"21583085";"9126252"
"21583085";"9159746"
"21583085";"9332503"
"21583085";"9489329"
"21583085";"9491592"
"21583085";"9530145"
"21586504";"9108825"
"21586504";"9161112"
"21586504";"9161122"
"21586504";"9409675"
"21586504";"9411546"
"21587296";"9448938"
"21588485";"8943165"
"21588485";"8948330"
"21588485";"9219104"
"21588810";"9350823"
"21597580";"9456492"
"21599438";"9081594"
"21603462";"9403585"
"21610205";"9524024"
"21613652";"9121444"
"21613652";"9370843"
"21613652";"9400727"
"21613652";"9424609"
"21613652";"9464454"
"21613652";"9467219"
"21613652";"9499500"
"21613780";"9134591"
"21613780";"9320004"
"21613780";"9346567"
"21613780";"9371272"
"21613780";"9439689"
"21613780";"9501605"
"21616693";"9444592"
"21616693";"9508225"
"21616825";"9386579"
"21617185";"9414097"
"21622447";"9376202"
"21622447";"9500587"
"21622447";"9500589"
"21633201";"9097230"
"21633201";"9097261"
"21633201";"9097281"
"21633201";"9097414"
"21633201";"9097467"
"21633201";"9097480"
"21634104";"9405572"
"21634892";"9318875"
"21634892";"9375857"
"21634892";"9377996"
"21634892";"9497798"
"21638863";"9140706"
"21638863";"9373071"
"21638863";"9505356"
"21638863";"9505388"
"21638863";"9505403"
"21638863";"9505437"
"21638863";"9505456"
"21638863";"9505498"
"21646192";"9466526"
"21646192";"9466547"
"21648397";"9121388"
"21648397";"9396359"
"21648397";"9425715"
"21648397";"9436271"
"21648397";"9442216"
"21648397";"9456558"
"21648397";"9459232"
"21648397";"9477424"
"21648397";"9477461"
"21648397";"9494154"
"21648397";"9498655"
"21648397";"9530990"
"21648397";"9534411"
"21651714";"9363393"
"21651714";"9392040"
"21658129";"9119683"
"21658129";"9384060"
"21658129";"9513481"
"21664874";"9338447"
"21664874";"9338454"
"21664874";"9338608"
"21664874";"9338891"
"21664874";"9339360"
"21664874";"9339498"
"21664874";"9339547"
"21664874";"9339733"
"21664874";"9339770"
"21664874";"9339931"
"21664874";"9340243"
"21664874";"9340544"
"21664874";"9340576"
"21664874";"9340612"
"21664874";"9340673"
"21664874";"9340940"
"21664874";"9445609"
"21664874";"9445809"
"21664874";"9445855"
"21664874";"9445880"
"21664874";"9445904"
"21664874";"9445918"
"21664874";"9445940"
"21664874";"9445954"
"21664874";"9446007"
"21664874";"9446050"
"21664874";"9446093"
"21664874";"9446132"
"21664874";"9446164"
"21664874";"9446180"
"21664874";"9446213"
"21664874";"9446266"
"21664874";"9446288"
"21664874";"9446312"
"21664874";"9446333"
"21664874";"9446356"
"21664874";"9446376"
"21664874";"9446390"
"21664874";"9446405"
"21664874";"9446415"
"21664874";"9448993"
"21664874";"9449024"
"21664874";"9449050"
"21666374";"9497940"
"21671054";"9419740"
"21671054";"9526499"
"21672039";"9339963"
"21672039";"9442306"
"21672469";"9433147"
"21672570";"9377074"
"21683117";"8983850"
"21683117";"9098873"
"21683117";"9111453"
"21683117";"9407453"
"21683117";"9407618"
"21683117";"9425535"
"21691665";"9391173"
"21692655";"9462152"
"21692828";"9454018"
"21693359";"9120696"
"21711645";"9434500"
"21719700";"9146425"
"21719700";"9218017"
"21719700";"9493983"
"21727028";"9226783"
"21727028";"9226904"
"21727028";"9227118"
"21727028";"9227157"
"21727028";"9227234"
"21727028";"9227575"
"21727028";"9404815"
"21727028";"9404837"
"21729028";"9328912"
"21730568";"9069485"
"21731958";"9512863"
"21732585";"9174627"
"21732585";"9464401"
"21732663";"9439555"
"21735770";"9434104"
"21741611";"9363938"
"21741611";"9510697"
"21743543";"9227689"
"21743543";"9413656"
"21746780";"9504282"
"21747119";"9411175"
"21747119";"9439625"
"21748378";"9441039"
"21748378";"9461510"
"21748532";"9339173"
"21748532";"9366713"
"21753653";"9350158"
"21759243";"9164965"
"21759257";"9325201"
"21759257";"9325295"
"21759257";"9416478"
"21766861";"9457413"
"21767524";"9349595"
"21767894";"9534042"
"21768168";"9083391"
"21768168";"9083415"
"21769551";"9440172"
"21769551";"9440249"
"21783358";"9318936"
"21784325";"9403083"
"21787845";"9415951"
"21804664";"9478835"
"21804664";"9478909"
"21804664";"9478952"
"21804664";"9479000"
"21804664";"9479046"
"21804664";"9479129"
"21804664";"9479186"
"21804664";"9479246"
"21804664";"9479356"
"21804664";"9479422"
"21804664";"9479476"
"21804664";"9479567"
"21804664";"9479694"
"21805191";"9503464"
"21805191";"9503479"
"21824833";"9116015"
"21824833";"9116028"
"21824833";"9116048"
"21824833";"9116056"
"21824833";"9116065"
"21824833";"9434327"
"21824833";"9434337"
"21824833";"9434402"
"21824833";"9434435"
"21824833";"9434458"
"21824833";"9434474"
"21824833";"9434514"
"21824833";"9434539"
"21824833";"9434554"
"21824833";"9434580"
"21827780";"9517966"
"21835641";"9383537"
"21835748";"9502751"
"21851379";"9517259"
"21851379";"9517380"
"21852021";"9407120"
"21852021";"9407209"
"21852021";"9532828"
"21854965";"9460072"
"21864498";"9489772"
"21865340";"9502761"
"21870451";"9223201"
"21870451";"9223232"
"21870451";"9223283"
"21870451";"9492911"
"21870451";"9492996"
"21870451";"9493166"
"21870451";"9525761"
"21877551";"9418493"
"21884606";"9471863"
"21900788";"9513121"
"21903143";"9348614"
"21903143";"9391326"
"21904088";"9153659"
"21906138";"9534372"
"21921946";"9461397"
"21921946";"9461520"
"21921946";"9461554"
"21941959";"8945485"
"21945320";"9319629"
"21945320";"9398840"
"21952545";"9172656"
"21955036";"9533859"
"21956352";"9513117"
"21956352";"9513132"
"21956352";"9513148"
"21957435";"9535581"
"21963346";"9075221"
"21963346";"9228034"
"21964830";"9494674"
"21978054";"9407818"
"21978054";"9408074"
"21978054";"9491077"
"21982799";"9161526"
"21982799";"9161550"
"21982799";"9161626"
"21990945";"9370339"
"21994507";"9536916"
"22007493";"9367501"
"22008997";"9332515"
"22008997";"9332526"
"22008997";"9332549"
"22008997";"9332564"
"22008997";"9441948"
"22008997";"9441967"
"22008997";"9442009"
"22008997";"9442024"
"22015377";"9460498"
"22015377";"9464844"
"22025460";"9027892"
"22025652";"9435482"
"22025787";"9346297"
"22025787";"9346355"
"22025787";"9346379"
"22025787";"9455945"
"22027789";"9406203"
"22027789";"9406321"
"22027889";"9128718"
"22034523";"9432988"
"22044957";"9343453"
"22044957";"9343464"
"22044957";"9422046"
"22065353";"9332878"
"22066799";"9135864"
"22066799";"9505434"
"22066799";"9505451"
"22066799";"9505462"
"22066799";"9505472"
"22066799";"9505488"
"22066799";"9505501"
"22067567";"9398451"
"22078001";"9448958"
"22078001";"9448972"
"22078506";"9157881"
"22078506";"9157900"
"22078506";"9157918"
"22078506";"9158033"
"22078506";"9158057"
"22078506";"9431748"
"22081306";"9494775"
"22213222";"9394088"
"22213222";"9394131"
"22213222";"9494436"
"22213222";"9494451"
"22235038";"9332906"
"22241223";"9223504"
"22244406";"9464183"
"22244454";"9493209"
"22255741";"9423300"
"22269732";"9492372"
"22276510";"9340353"
"22276798";"9495497"
"22277135";"9526480"
"22277625";"9115963"
"22282968";"9397577"
"22361230";"9489198"
"22361313";"9431278"
"22363412";"9402638"
"22366188";"9381032"
"22366188";"9381081"
"22366188";"9381099"
"22366188";"9388940"
"22366188";"9389934"
"22366188";"9434795"
"22371444";"9174156"
"22371444";"9174246"
"22371444";"9174339"
"22373802";"9422146"
"22374659";"9440391"
"22375443";"9407648"
"22383173";"9444605"
"22383173";"9444623"
"22383173";"9444639"
"22383173";"9444651"
"22383173";"9444664"
"22383173";"9444680"
"22383173";"9512612"
"22386027";"9138778"
"22396606";"9221595"
"22396606";"9221620"
"22403172";"9330246"
"22407119";"9377598"
"22407119";"9377630"
"22408693";"9427873"
"22416953";"8910529"
"22418841";"9490548"
"22421471";"9439805"
"22422268";"9337347"
"22424073";"9380204"
"22424073";"9380218"
"22424608";"9420964"
"22424608";"9464004"
"22424608";"9464049"
"22425147";"9223999"
"22425147";"9224034"
"22428447";"9490689"
"22430084";"9526881"
"22432557";"9400418"
"22438781";"9384613"
"22438781";"9513291"
"22442980";"9218591"
"22448611";"9349802"
"22448611";"9437698"
"22448611";"9489445"
"22448611";"9489448"
"22448611";"9491758"
"22448611";"9493247"
"22448611";"9524058"
"22451833";"9064785"
"22456048";"9065762"
"22456048";"9065781"
"22456048";"9374544"
"22456048";"9374557"
"22456048";"9374572"
"22456048";"9514676"
"22456048";"9514688"
"22456048";"9514708"
"22456048";"9514730"
"22456048";"9514755"
"22456048";"9514782"
"22456048";"9514797"
"22456048";"9514815"
"22456048";"9514828"
"22456048";"9514848"
"22456048";"9514867"
"22456048";"9514888"
"22465258";"9083206"
"22465435";"9505066"
"22466218";"9536210"
"22469807";"8976213"
"22474336";"9528630"
"22474450";"9536691"
"22476974";"9119447"
"22477470";"9456948"
"22477470";"9457278"
"22477891";"9152853"
"22477891";"9221447"
"22477891";"9221504"
"22481194";"9442319"
"22481194";"9442376"
"22481194";"9504010"
"22488486";"9384309"
"22488486";"9384424"
"22488741";"9457002"
"22489383";"9452983"
"22490361";"9511686"
"22497662";"9529926"
"22505837";"9082480"
"22505837";"9101454"
"22505837";"9338827"
"22505837";"9431107"
"22505837";"9523965"
"22513557";"8996159"
"22517687";"9532625"
"22519297";"9122656"
"22519297";"9122679"
"22519297";"9172228"
"22519297";"9428082"
"22519641";"9522302"
"22519641";"9522322"
"22525906";"9462033"
"22525906";"9505710"
"22527651";"9407747"
"22527651";"9509610"
"22539654";"9500847"
"22539848";"9441372"
"22540177";"9466598"
"22540177";"9466931"
"22540177";"9467360"
"22544243";"9369707"
"22544581";"9389574"
"22544581";"9410695"
"22544728";"9458336"
"22544728";"9458355"
"22544728";"9504296"
"22545071";"9521889"
"22549760";"9218743"
"22549760";"9416176"
"22552978";"9415984"
"22553475";"9217349"
"22553475";"9217371"
"22553475";"9349983"
"22553475";"9465239"
"22553475";"9525984"
"22553475";"9526000"
"22555405";"9400933"
"22558394";"9159690"
"22558394";"9383726"
"22593394";"9522482"
"22598958";"9386823"
"22604612";"9428786"
"22604612";"9429057"
"22612354";"9123496"
"22612354";"9225855"
"22612354";"9375528"
"22612354";"9437183"
"22612354";"9503265"
"22614303";"9327781"
"22614303";"9394333"
"22614303";"9394370"
"22614303";"9394593"
"22614303";"9394687"
"22614303";"9394788"
"22614303";"9417564"
"22614303";"9417594"
"22614303";"9417618"
"22614303";"9417665"
"22614303";"9417682"
"22614303";"9417703"
"22614303";"9417719"
"22614303";"9417733"
"22614303";"9417751"
"22614303";"9445253"
"22614303";"9445269"
"22614303";"9445278"
"22614303";"9445294"
"22614303";"9525023"
"22614303";"9525030"
"22614303";"9525046"
"22616858";"9083362"
"22616858";"9448975"
"22622665";"9423081"
"22625131";"9371463"
"22625996";"9214829"
"22634409";"9506250"
"22634409";"9509194"
"22635368";"9459827"
"22635368";"9460340"
"22635368";"9461984"
"22635521";"9405242"
"22637421";"9116668"
"22639088";"9466636"
"22639088";"9504194"
"22639088";"9537000"
"22640651";"9397376"
"22640651";"9489521"
"22640651";"9489523"
"22640651";"9489530"
"22640651";"9489532"
"22640651";"9489581"
"22641453";"9161388"
"22644493";"9453209"
"22645674";"9227770"
"22645674";"9227783"
"22645674";"9456212"
"22645674";"9528659"
"22650849";"9528682"
"22654652";"9404826"
"22657654";"9537896"
"22665867";"9404866"
"22682733";"9328799"
"22682733";"9328816"
"22682733";"9525317"
"22682790";"9489617"
"22682790";"9490645"
"22682798";"9162008"
"22682798";"9162010"
"22682798";"9394929"
"22684629";"9478166"
"22684629";"9478302"
"22684629";"9478409"
"22764098";"9366963"
"22765001";"9429604"
"22765001";"9429616"
"22765699";"9387974"
"22768626";"9465173"
"22768626";"9465301"
"22770660";"9148616"
"22770660";"9148747"
"22770660";"9510557"
"22770660";"9510560"
"22770660";"9510771"
"22770660";"9510776"
"22771088";"9536089"
"22771088";"9536224"
"22771088";"9536700"
"22786077";"9460818"
"22786482";"9370075"
"22786482";"9410837"
"22786728";"9343361"
"22786728";"9343425"
"22791433";"9457973"
"22793707";"9520227"
"22794735";"9346361"
"22794740";"9514878"
"22801191";"9510465"
"22801191";"9510476"
"22802132";"9363564"
"22802132";"9363569"
"22802132";"9536177"
"22811427";"9522099"
"22811427";"9526878"
"22811677";"9221081"
"22811677";"9221205"
"22819072";"9324545"
"22819072";"9412583"
"22819072";"9458243"
"22819072";"9518171"
"22819072";"9526036"
"22831338";"9110500"
"22831338";"9346628"
"22834125";"9165652"
"22841332";"9530877"
"22842048";"9528482"
"22844411";"9416431"
"22844411";"9472408"
"22850603";"9077401"
"22850603";"9086954"
"22850603";"9128296"
"22850603";"9161520"
"22850603";"9163725"
"22850603";"9218891"
"22850603";"9219018"
"22850603";"9328247"
"22850603";"9338021"
"22850603";"9338046"
"22850603";"9373986"
"22850603";"9382633"
"22850603";"9415446"
"22850603";"9429187"
"22850603";"9430769"
"22850603";"9431531"
"22850603";"9431698"
"22850603";"9432248"
"22850603";"9432276"
"22850603";"9432297"
"22850603";"9432305"
"22850603";"9443524"
"22850603";"9443539"
"22850603";"9443549"
"22850603";"9443567"
"22850603";"9443589"
"22850603";"9443603"
"22850603";"9443613"
"22850603";"9458616"
"22850603";"9489626"
"22850603";"9493142"
"22850603";"9507061"
"22850603";"9511847"
"22850603";"9511855"
"22850603";"9521146"
"22850603";"9522195"
"22850858";"9448919"
"22850858";"9449291"
"22850858";"9450005"
"22853861";"9511204"
"22855042";"9452809"
"22860339";"9415326"
"22860339";"9415355"
"22860339";"9415389"
"22860339";"9415413"
"22860339";"9415591"
"22860339";"9415619"
"22860339";"9415684"
"22860339";"9415702"
"22860339";"9415735"
"22860339";"9415804"
"22860339";"9415883"
"22860339";"9415954"
"22860339";"9415986"
"22861811";"9432929"
"22861811";"9441451"
"22861811";"9534623"
"22866680";"9412552"
"22867747";"9114671"
"22867747";"9116364"
"22867747";"9399146"
"22886779";"9363423"
"22886779";"9363645"
"22886779";"9491514"
"22886779";"9510835"
"22886858";"9138394"
"22886858";"9459666"
"22886858";"9519104"
"22887652";"9445519"
"22887652";"9445586"
"22888325";"9426894"
"22889503";"9421354"
"22889842";"9433980"
"22896670";"9501756"
"22897338";"9479922"
"22898527";"9218728"
"22898929";"9133492"
"22899454";"9426659"
"22904079";"9029497"
"22904079";"9030436"
"22904079";"9137474"
"22904079";"9446479"
"22904079";"9446532"
"22904079";"9446541"
"22904079";"9528342"
"22905888";"9405702"
"22905888";"9521621"
"22911512";"9368100"
"22913094";"9462652"
"22913094";"9520487"
"22913348";"9320011"
"22913348";"9320026"
"22913348";"9320042"
"22913348";"9320057"
"22913348";"9320080"
"22913348";"9320096"
"22913348";"9320185"
"22913348";"9320241"
"22913348";"9320282"
"22913348";"9320309"
"22913348";"9320336"
"22913348";"9320358"
"22913348";"9320378"
"22913348";"9320407"
"22913348";"9320433"
"22913491";"9327062"
"22913491";"9327086"
"22913491";"9327124"
"22913491";"9327142"
"22913491";"9327184"
"22913491";"9327213"
"22913491";"9327238"
"22913491";"9327948"
"22913491";"9331508"
"22913491";"9331663"
"22913491";"9331679"
"22913491";"9331692"
"22913491";"9331719"
"22913491";"9425911"
"22913491";"9425936"
"22913491";"9426096"
"22913491";"9426201"
"22913491";"9426723"
"22913491";"9426746"
"22913491";"9426781"
"22913491";"9426835"
"22913491";"9426893"
"22913491";"9426919"
"22913491";"9426967"
"22913491";"9427009"
"22913491";"9427066"
"22913491";"9427095"
"22913491";"9427121"
"22913491";"9427140"
"22913491";"9427164"
"22913491";"9427221"
"22913491";"9427239"
"22913491";"9427265"
"22913491";"9427281"
"22913491";"9427300"
"22921385";"9159258"
"22921385";"9226893"
"22921385";"9386438"
"22921385";"9410909"
"22921385";"9513312"
"22924515";"9458081"
"22924515";"9524830"
"22927780";"9448139"
"22932578";"9349294"
"22933295";"9522069"
"22933295";"9522380"
"22933295";"9523955"
"22933295";"9524090"
"22933674";"9419705"
"22937408";"9383500"
"22938101";"9108913"
"22938138";"8880790"
"22938138";"8994267"
"22938138";"9089022"
"22938138";"9335621"
"22938138";"9335638"
"22938138";"9456595"
"22938138";"9456807"
"22942679";"9373245"
"22944652";"9401569"
"22946872";"9347448"
"22946872";"9379705"
"22946872";"9390433"
"22946872";"9393856"
"22946872";"9394097"
"22946872";"9424620"
"22946872";"9449735"
"22946872";"9479532"
"22946872";"9498053"
"22946872";"9502070"
"22947283";"9410772"
"22948642";"9092653"
"22960085";"9499512"
"22960240";"9097718"
"22960240";"9097729"
"22960240";"9456937"
"22960240";"9532645"
"22966726";"9502325"
"22967833";"9438102"
"22972487";"9157054"
"22972487";"9157468"
"22974699";"9337356"
"22975571";"9214621"
"22975571";"9457548"
"22975571";"9461880"
"22976915";"9412296"
"22976915";"9412310"
"22976915";"9412608"
"22980383";"9457688"
"22980383";"9457749"
"22980383";"9457814"
"22980383";"9457883"
"22985568";"9321954"
"22986453";"9060163"
"22986546";"9533330"
"22986670";"9519076"
"23000632";"9506513"
"23001744";"9478695"
"23001744";"9479159"
"23001744";"9479864"
"23003484";"9215717"
"23006675";"9414377"
"23006675";"9441804"
"23009269";"9337560"
"23009269";"9382008"
"23009269";"9444558"
"23009626";"9161081"
"23009626";"9174373"
"23009626";"9505608"
"23009626";"9505638"
"23011805";"9371103"
"23011805";"9371247"
"23011805";"9424569"
"23011805";"9424636"
"23011805";"9513530"
"23011805";"9513549"
"23011805";"9513562"
"23012766";"9411413"
"23017088";"9528840"
"23017257";"9413623"
"23017312";"9450941"
"23017312";"9451024"
"23017980";"9411679"
"23026291";"9449235"
"23026291";"9451409"
"23026291";"9490417"
"23026291";"9497708"
"23026291";"9529042"
"23026291";"9529178"
"23033522";"9367087"
"23033522";"9470169"
"23033605";"9368450"
"23033605";"9368683"
"23036542";"9117435"
"23036542";"9381646"
"23038169";"9331176"
"23038169";"9331198"
"23038169";"9331213"
"23038169";"9331241"
"23038169";"9331259"
"23041982";"9114219"
"23041982";"9457154"
"23045654";"9397602"
"23045654";"9397646"
"23046871";"9215806"
"23050880";"9460246"
"23058502";"9438719"
"23058502";"9451609"
"23058666";"9420906"
"23058666";"9421012"
"23058666";"9421032"
"23060251";"9399846"
"23062754";"9149379"
"23062754";"9397290"
"23062754";"9397767"
"23062754";"9404891"
"23066131";"9458651"
"23066296";"9479619"
"23066837";"9168666"
"23066837";"9168776"
"23066837";"9491278"
"23066837";"9491533"
"23066837";"9505500"
"23075077";"9347925"
"23075077";"9368619"
"23075077";"9420367"
"23080779";"9499327"
"23084199";"9388351"
"23085441";"9499051"
"23085441";"9499119"
"23085441";"9499175"
"23085441";"9499213"
"23085441";"9499331"
"23085441";"9499480"
"23085441";"9501049"
"23085441";"9501368"
"23085441";"9501397"
"23085441";"9501679"
"23085441";"9502136"
"23085441";"9502168"
"23085441";"9502224"
"23085441";"9502248"
"23085441";"9502647"
"23085441";"9502748"
"23085441";"9503089"
"23085441";"9503814"
"23085441";"9503860"
"23085441";"9505420"
"23085441";"9505477"
"23085441";"9505529"
"23085441";"9505568"
"23085441";"9505600"
"23085441";"9505718"
"23085441";"9505847"
"23085441";"9505886"
"23085441";"9506020"
"23085441";"9506061"
"23085441";"9506385"
"23085441";"9506460"
"23085441";"9506483"
"23085441";"9506501"
"23085441";"9506545"
"23085441";"9506632"
"23085441";"9507054"
"23085441";"9507174"
"23085441";"9507298"
"23085441";"9507328"
"23085441";"9507700"
"23085441";"9507810"
"23096330";"9452483"
"23096330";"9452716"
"23096330";"9452740"
"23098449";"9222258"
"23098449";"9440875"
"23098626";"9171966"
"23098626";"9171968"
"23099410";"9492881"
"23103288";"9145617"
"23103288";"9145697"
"23103288";"9145749"
"23103288";"9145783"
"23103288";"9145811"
"23103288";"9145837"
"23103288";"9145861"
"23103288";"9511475"
"23103883";"9163256"
"23104226";"9531140"
"23105641";"9020053"
"23105641";"9411455"
"23105641";"9411471"
"23107142";"9423519"
"23107142";"9423539"
"23117747";"9524426"
"23118455";"9369699"
"23118647";"9478561"
"23118863";"9500432"
"23121739";"9425973"
"23121739";"9425989"
"23121739";"9426229"
"23121739";"9426252"
"23121739";"9426282"
"23121739";"9426316"
"23122650";"9387112"
"23124274";"9335195"
"23124274";"9335201"
"23126382";"9462696"
"23126382";"9469994"
"23126382";"9469998"
"23126382";"9470001"
"23126382";"9470002"
"23132567";"9080368"
"23132567";"9080381"
"23132567";"9080396"
"23132567";"9080432"
"23132567";"9448792"
"23132567";"9448838"
"23132567";"9448875"
"23132567";"9448903"
"23133542";"9463612"
"23133941";"9425108"
"23136649";"9436816"
"23139625";"9501371"
"23139625";"9501544"
"23139625";"9501575"
"23139691";"9444933"
"23141464";"9397100"
"23141464";"9397134"
"23141464";"9420615"
"23141986";"9513544"
"23145168";"9407085"
"23150289";"9347654"
"23150289";"9434093"
"23158457";"9477650"
"23159009";"9393115"
"23160491";"9493127"
"23160899";"9519002"
"23169544";"9157168"
"23169544";"9157179"
"23169544";"9157302"
"23169544";"9157333"
"23169544";"9157355"
"23169762";"9409359"
"23169762";"9458690"
"23170160";"9443823"
"23170160";"9443849"
"23170160";"9443876"
"23170160";"9443910"
"23170160";"9443983"
"23170160";"9444011"
"23170160";"9444047"
"23170160";"9444074"
"23170160";"9444105"
"23170160";"9444145"
"23170160";"9444206"
"23170160";"9444235"
"23170160";"9444262"
"23170160";"9444306"
"23170160";"9444325"
"23170160";"9501169"
"23170160";"9501174"
"23171484";"9436872"
"23172121";"9518178"
"23173827";"9154877"
"23173827";"9513151"
"23175486";"9224644"
"23181693";"9219602"
"23186552";"9505003"
"23192587";"9381571"
"23192587";"9382135"
"23194369";"9350149"
"23194369";"9458456"
"23196767";"9408459"
"23197128";"9175141"
"23197128";"9452290"
"23197128";"9461711"
"23197128";"9508518"
"23201728";"9150811"
"23201728";"9389613"
"23202611";"9157703"
"23202611";"9157721"
"23202611";"9325055"
"23206059";"9114589"
"23212653";"9224449"
"23212653";"9224661"
"23212653";"9224723"
"23212653";"9224742"
"23213358";"9053348"
"23213358";"9060789"
"23213358";"9147428"
"23213358";"9170522"
"23213358";"9170697"
"23213358";"9367776"
"23213358";"9374645"
"23213358";"9402354"
"23213358";"9501880"
"23213358";"9502301"
"23215058";"9166471"
"23215058";"9226583"
"23215058";"9348953"
"23215058";"9352121"
"23215058";"9440243"
"23215058";"9455221"
"23215058";"9462330"
"23215058";"9493059"
"23215058";"9520239"
"23215135";"8920783"
"23215135";"9041947"
"23223685";"9464338"
"23223685";"9512564"
"23223685";"9512605"
"23223685";"9513179"
"23223685";"9513209"
"23225070";"9101894"
"23225070";"9101902"
"23225070";"9101921"
"23225070";"9101998"
"23225070";"9423163"
"23225070";"9423181"
"23225070";"9423193"
"23225070";"9423209"
"23225070";"9423216"
"23225554";"9498653"
"23228683";"9535712"
